{"name":"000012","timestamp":0,"index":12,"labels":[{"id":0,"category":"car","box3d":{"dimension":{"width":1.81,"length":4.73,"height":1.589354},"location":{"x":10.31946971203353,"y":3.423492138897444,"z":1.0931277951792968},"orientation":{"rotationYaw":1.5940477396927233,"rotationPitch":0,"rotationRoll":0}}},{"id":1,"category":"car","box3d":{"dimension":{"width":2.2412286,"length":5.6169353,"height":2.4619126},"location":{"x":19.172872926197428,"y":-11.28103937191749,"z":1.418961806515228},"orientation":{"rotationYaw":-3.0700000000000003,"rotationPitch":0,"rotationRoll":0}}}]}