{"name":"000036","timestamp":0,"index":36,"labels":[{"id":2,"category":"car","box3d":{"dimension":{"width":1.8661066,"length":4.5690837,"height":1.6195054},"location":{"x":14.98989855107297,"y":-6.641515551508979,"z":0.9711097009455426},"orientation":{"rotationYaw":-1.5433015637258374,"rotationPitch":0,"rotationRoll":0}}},{"id":1,"category":"car","box3d":{"dimension":{"width":1.8214289,"length":4.420036,"height":1.5932603},"location":{"x":20.809706276827136,"y":-3.4407256014989365,"z":1.1490700010669306},"orientation":{"rotationYaw":-1.5460695493129535,"rotationPitch":0,"rotationRoll":0}}},{"id":0,"category":"car","box3d":{"dimension":{"width":1.81,"length":4.73,"height":1.468628},"location":{"x":9.026915195844891,"y":3.4849732420957786,"z":1.1183805859761191},"orientation":{"rotationYaw":1.58,"rotationPitch":0,"rotationRoll":0}}}]}