{"name":"000005","timestamp":0,"index":5,"labels":[{"id":0,"category":"car","box3d":{"dimension":{"width":1.81,"length":4.73,"height":1.589354},"location":{"x":15.896779803723025,"y":3.3668306677660014,"z":1.0931277385153035},"orientation":{"rotationYaw":1.5940477396927233,"rotationPitch":0,"rotationRoll":0}}},{"id":2,"category":"car","box3d":{"dimension":{"width":1.71,"length":4.6175456,"height":1.6071763},"location":{"x":7.108302377049282,"y":3.6765950344336273,"z":0.9987551059122595},"orientation":{"rotationYaw":1.58,"rotationPitch":0,"rotationRoll":0}}},{"id":1,"category":"car","box3d":{"dimension":{"width":2.2412286,"length":5.6169353,"height":2.4619126},"location":{"x":22.131192255854717,"y":-10.043096513969212,"z":1.4189630445131092},"orientation":{"rotationYaw":-3.0700000000000003,"rotationPitch":0,"rotationRoll":0}}}]}