{"name":"000040","timestamp":0,"index":40,"labels":[{"id":2,"category":"car","box3d":{"dimension":{"width":1.8661066,"length":4.5690837,"height":1.6195054},"location":{"x":12.96578532551797,"y":-6.577369353719695,"z":1.010267569770832},"orientation":{"rotationYaw":-1.5433015637258374,"rotationPitch":0,"rotationRoll":0}}},{"id":1,"category":"car","box3d":{"dimension":{"width":1.8214289,"length":4.420036,"height":1.5932603},"location":{"x":19.066742138003363,"y":-3.2985733626307225,"z":1.1490701432254882},"orientation":{"rotationYaw":-1.5460695493129535,"rotationPitch":0,"rotationRoll":0}}}]}