{"name":"000028","timestamp":0,"index":28,"labels":[{"id":2,"category":"car","box3d":{"dimension":{"width":1.8661066,"length":4.5690837,"height":1.6195054},"location":{"x":19.038125002182973,"y":-6.769807947087546,"z":1.0494000624557933},"orientation":{"rotationYaw":-1.5433015637258372,"rotationPitch":0,"rotationRoll":0}}},{"id":0,"category":"car","box3d":{"dimension":{"width":1.81,"length":4.73,"height":1.468628},"location":{"x":15.288404013888261,"y":3.627125480963997,"z":1.0922527912014521},"orientation":{"rotationYaw":1.58,"rotationPitch":0,"rotationRoll":0}}}]}