{"name":"000035","timestamp":0,"index":35,"labels":[{"id":2,"category":"car","box3d":{"dimension":{"width":1.8661066,"length":4.5690837,"height":1.6195054},"location":{"x":15.495926857461722,"y":-6.6575521009563,"z":1.04893304761267},"orientation":{"rotationYaw":-1.5433015637258372,"rotationPitch":0,"rotationRoll":0}}},{"id":1,"category":"car","box3d":{"dimension":{"width":1.8214289,"length":4.420036,"height":1.5932603},"location":{"x":21.349469803641803,"y":-3.3979614696394154,"z":1.149070043832966},"orientation":{"rotationYaw":-1.5460695493129535,"rotationPitch":0,"rotationRoll":0}}},{"id":0,"category":"car","box3d":{"dimension":{"width":1.81,"length":4.73,"height":1.468628},"location":{"x":9.795869962973018,"y":3.5560493615298876,"z":1.1183806570553971},"orientation":{"rotationYaw":1.58,"rotationPitch":0,"rotationRoll":0}}}]}