{"name":"000033","timestamp":0,"index":33,"labels":[{"id":2,"category":"car","box3d":{"dimension":{"width":1.8661066,"length":4.5690837,"height":1.6195054},"location":{"x":16.50798347023922,"y":-6.689625199850942,"z":1.0586333733489501},"orientation":{"rotationYaw":-1.5433015637258372,"rotationPitch":0,"rotationRoll":0}}},{"id":1,"category":"car","box3d":{"dimension":{"width":1.8214289,"length":4.420036,"height":1.5932603},"location":{"x":22.428996857271137,"y":-3.312433205920373,"z":1.1490701293650367},"orientation":{"rotationYaw":-1.5460695493129535,"rotationPitch":0,"rotationRoll":0}}},{"id":0,"category":"car","box3d":{"dimension":{"width":1.81,"length":4.73,"height":1.468628},"location":{"x":11.352087944065666,"y":3.627125480963997,"z":1.1183807281346752},"orientation":{"rotationYaw":1.58,"rotationPitch":0,"rotationRoll":0}}}]}