{"name":"000000","timestamp":0,"index":0,"labels":[{"id":0,"category":"car","box3d":{"dimension":{"width":1.81,"length":4.73,"height":1.589354},"location":{"x":19.880572726358412,"y":3.3263581883864,"z":1.0931276980410225},"orientation":{"rotationYaw":1.5940477396927233,"rotationPitch":0,"rotationRoll":0}}},{"id":1,"category":"car","box3d":{"dimension":{"width":2.2412286,"length":5.6169353,"height":2.4619126},"location":{"x":24.24427749132421,"y":-9.158851615434727,"z":1.4189639287973101},"orientation":{"rotationYaw":-3.0700000000000003,"rotationPitch":0,"rotationRoll":0}}},{"id":2,"category":"car","box3d":{"dimension":{"width":1.71,"length":4.6175456,"height":1.6071763},"location":{"x":11.471654341474965,"y":3.6765950344336287,"z":1.1199789453440916},"orientation":{"rotationYaw":1.58,"rotationPitch":0,"rotationRoll":0}}}]}