{"name":"000007","timestamp":0,"index":7,"labels":[{"id":0,"category":"car","box3d":{"dimension":{"width":1.81,"length":4.73,"height":1.589354},"location":{"x":14.303262634668888,"y":3.383019659517842,"z":1.0931277547050158},"orientation":{"rotationYaw":1.5940477396927233,"rotationPitch":0,"rotationRoll":0}}},{"id":1,"category":"car","box3d":{"dimension":{"width":2.2412286,"length":5.6169353,"height":2.4619126},"location":{"x":21.28595816166692,"y":-10.396794473383006,"z":1.4189626907994288},"orientation":{"rotationYaw":-3.0700000000000003,"rotationPitch":0,"rotationRoll":0}}}]}