{"name":"000027","timestamp":0,"index":27,"labels":[{"id":2,"category":"car","box3d":{"dimension":{"width":1.8661066,"length":4.5690837,"height":1.6195054},"location":{"x":19.544153308571723,"y":-6.785844496534867,"z":0.8709856443217511},"orientation":{"rotationYaw":-1.5433015637258372,"rotationPitch":0,"rotationRoll":0}}},{"id":0,"category":"car","box3d":{"dimension":{"width":1.81,"length":4.73,"height":1.468628},"location":{"x":16.07566722785278,"y":3.627125480963997,"z":1.1183807281346754},"orientation":{"rotationYaw":1.58,"rotationPitch":0,"rotationRoll":0}}}]}