{"name":"000031","timestamp":0,"index":31,"labels":[{"id":2,"category":"car","box3d":{"dimension":{"width":1.8661066,"length":4.5690837,"height":1.6195054},"location":{"x":17.52004008301672,"y":-6.721698298745584,"z":1.0262980608613508},"orientation":{"rotationYaw":-1.5433015637258372,"rotationPitch":0,"rotationRoll":0}}},{"id":1,"category":"car","box3d":{"dimension":{"width":1.8214289,"length":4.420036,"height":1.5932603},"location":{"x":23.238642147493138,"y":-3.4407256014989445,"z":1.1490700010669463},"orientation":{"rotationYaw":-1.5460695493129535,"rotationPitch":0,"rotationRoll":0}}},{"id":0,"category":"car","box3d":{"dimension":{"width":1.81,"length":4.73,"height":1.468628},"location":{"x":12.926614371994702,"y":3.627125480963997,"z":1.1183807281346752},"orientation":{"rotationYaw":1.58,"rotationPitch":0,"rotationRoll":0}}}]}