{"name":"000011","timestamp":0,"index":11,"labels":[{"id":0,"category":"car","box3d":{"dimension":{"width":1.81,"length":4.73,"height":1.589354},"location":{"x":11.116228296560601,"y":3.4153976430215245,"z":1.0931277870844407},"orientation":{"rotationYaw":1.5940477396927233,"rotationPitch":0,"rotationRoll":0}}},{"id":1,"category":"car","box3d":{"dimension":{"width":2.2412286,"length":5.6169353,"height":2.4619126},"location":{"x":19.59548997329133,"y":-11.104190392210594,"z":1.4189619833720681},"orientation":{"rotationYaw":-3.0700000000000003,"rotationPitch":0,"rotationRoll":0}}}]}