{"name":"000034","timestamp":0,"index":34,"labels":[{"id":2,"category":"car","box3d":{"dimension":{"width":1.8661066,"length":4.5690837,"height":1.6195054},"location":{"x":16.00195516385047,"y":-6.673588650403621,"z":1.0306049947875102},"orientation":{"rotationYaw":-1.5433015637258372,"rotationPitch":0,"rotationRoll":0}}},{"id":1,"category":"car","box3d":{"dimension":{"width":1.8214289,"length":4.420036,"height":1.5932603},"location":{"x":21.88923333045647,"y":-3.3551973377798943,"z":1.1490700865990013},"orientation":{"rotationYaw":-1.5460695493129535,"rotationPitch":0,"rotationRoll":0}}},{"id":0,"category":"car","box3d":{"dimension":{"width":1.81,"length":4.73,"height":1.468628},"location":{"x":10.564824730101146,"y":3.627125480963997,"z":1.1183807281346752},"orientation":{"rotationYaw":1.58,"rotationPitch":0,"rotationRoll":0}}}]}