{"name":"000003","timestamp":0,"index":3,"labels":[{"id":0,"category":"car","box3d":{"dimension":{"width":1.81,"length":4.73,"height":1.589354},"location":{"x":17.490296972777198,"y":3.350641676014162,"z":1.093127722325591},"orientation":{"rotationYaw":1.5940477396927233,"rotationPitch":0,"rotationRoll":0}}},{"id":2,"category":"car","box3d":{"dimension":{"width":1.71,"length":4.6175456,"height":1.6071763},"location":{"x":8.853643162819555,"y":3.676595034433628,"z":1.1349773521439372},"orientation":{"rotationYaw":1.58,"rotationPitch":0,"rotationRoll":0}}},{"id":1,"category":"car","box3d":{"dimension":{"width":2.2412286,"length":5.6169353,"height":2.4619126},"location":{"x":22.976426350042512,"y":-9.689398554555417,"z":1.4189633982267895},"orientation":{"rotationYaw":-3.0700000000000003,"rotationPitch":0,"rotationRoll":0}}}]}