{"name":"000029","timestamp":0,"index":29,"labels":[{"id":2,"category":"car","box3d":{"dimension":{"width":1.8661066,"length":4.5690837,"height":1.6195054},"location":{"x":18.532096695794223,"y":-6.753771397640225,"z":1.0205712394529933},"orientation":{"rotationYaw":-1.5433015637258372,"rotationPitch":0,"rotationRoll":0}}},{"id":1,"category":"car","box3d":{"dimension":{"width":1.8214289,"length":4.420036,"height":1.5932603},"location":{"x":24.04828743771514,"y":-3.3124332059203807,"z":1.149070129365043},"orientation":{"rotationYaw":-1.5460695493129535,"rotationPitch":0,"rotationRoll":0}}},{"id":0,"category":"car","box3d":{"dimension":{"width":1.81,"length":4.73,"height":1.468628},"location":{"x":14.501140799923741,"y":3.627125480963997,"z":1.1183807281346754},"orientation":{"rotationYaw":1.58,"rotationPitch":0,"rotationRoll":0}}}]}