{"name":"000032","timestamp":0,"index":32,"labels":[{"id":2,"category":"car","box3d":{"dimension":{"width":1.8661066,"length":4.5690837,"height":1.6195054},"location":{"x":17.01401177662797,"y":-6.705661749298263,"z":1.0545916028488347},"orientation":{"rotationYaw":-1.5433015637258372,"rotationPitch":0,"rotationRoll":0}}},{"id":1,"category":"car","box3d":{"dimension":{"width":1.8214289,"length":4.420036,"height":1.5932603},"location":{"x":22.7759876959377,"y":-3.312433205920373,"z":1.1490701293650372},"orientation":{"rotationYaw":-1.5460695493129535,"rotationPitch":0,"rotationRoll":0}}},{"id":0,"category":"car","box3d":{"dimension":{"width":1.81,"length":4.73,"height":1.468628},"location":{"x":12.139351158030184,"y":3.627125480963997,"z":1.1183807281346752},"orientation":{"rotationYaw":1.58,"rotationPitch":0,"rotationRoll":0}}}]}