{"name":"000030","timestamp":0,"index":30,"labels":[{"id":2,"category":"car","box3d":{"dimension":{"width":1.8661066,"length":4.5690837,"height":1.6195054},"location":{"x":18.026068389405474,"y":-6.737734848192905,"z":1.0512027052275177},"orientation":{"rotationYaw":-1.5433015637258372,"rotationPitch":0,"rotationRoll":0}}},{"id":1,"category":"car","box3d":{"dimension":{"width":1.8214289,"length":4.420036,"height":1.5932603},"location":{"x":23.816960211937428,"y":-3.312433205920371,"z":1.1490701293650398},"orientation":{"rotationYaw":-1.5460695493129535,"rotationPitch":0,"rotationRoll":0}}},{"id":0,"category":"car","box3d":{"dimension":{"width":1.81,"length":4.73,"height":1.468628},"location":{"x":13.713877585959223,"y":3.627125480963997,"z":1.1183807281346754},"orientation":{"rotationYaw":1.58,"rotationPitch":0,"rotationRoll":0}}}]}