{"name":"000037","timestamp":0,"index":37,"labels":[{"id":2,"category":"car","box3d":{"dimension":{"width":1.8661066,"length":4.5690837,"height":1.6195054},"location":{"x":14.483870244684221,"y":-6.625479002061658,"z":1.0106825806200215},"orientation":{"rotationYaw":-1.5433015637258374,"rotationPitch":0,"rotationRoll":0}}},{"id":0,"category":"car","box3d":{"dimension":{"width":1.81,"length":4.73,"height":1.468628},"location":{"x":8.322039992644097,"y":3.556049361529886,"z":1.1183806570553965},"orientation":{"rotationYaw":1.58,"rotationPitch":0,"rotationRoll":0}}},{"id":1,"category":"car","box3d":{"dimension":{"width":1.8214289,"length":4.420036,"height":1.5932603},"location":{"x":20.382509183978172,"y":-3.3933415218761986,"z":1.1490700484531164},"orientation":{"rotationYaw":-1.5460695493129535,"rotationPitch":0,"rotationRoll":0}}}]}