{"name":"000012","timestamp":0,"index":12,"labels":[{"id":6,"category":"car","box3d":{"dimension":{"width":2.68,"length":5.8693767,"height":2.5224595},"location":{"x":9.960864977717355,"y":-3.6315205317058186,"z":1.6160091388226052},"orientation":{"rotationYaw":-1.541556277994169,"rotationPitch":0,"rotationRoll":0}}},{"id":0,"category":"car","box3d":{"dimension":{"width":2.0300000000000002,"length":4.623588,"height":1.5808091},"location":{"x":12.331910350184746,"y":3.4748990150534307,"z":1.098319255970274},"orientation":{"rotationYaw":1.6001026280913844,"rotationPitch":0,"rotationRoll":0}}}]}