{"name":"000003","timestamp":0,"index":3,"labels":[{"id":2,"category":"car","box3d":{"dimension":{"width":1.92,"length":4.621574,"height":1.6157823},"location":{"x":6.9809348215911395,"y":3.5208524552650777,"z":1.0540832320657252},"orientation":{"rotationYaw":1.6024799895391786,"rotationPitch":0,"rotationRoll":0}}},{"id":6,"category":"car","box3d":{"dimension":{"width":2.68,"length":5.8693767,"height":2.5224595},"location":{"x":14.984479505274921,"y":-3.657045734705983,"z":1.616009113296268},"orientation":{"rotationYaw":-1.541556277994169,"rotationPitch":0,"rotationRoll":0}}}]}