{"name":"000015","timestamp":0,"index":15,"labels":[{"id":6,"category":"car","box3d":{"dimension":{"width":2.68,"length":5.8693767,"height":2.5224595},"location":{"x":8.265107736997367,"y":-3.596688879030415,"z":1.6160091736558062},"orientation":{"rotationYaw":-1.541556277994169,"rotationPitch":0,"rotationRoll":0}}},{"id":0,"category":"car","box3d":{"dimension":{"width":2.0300000000000002,"length":4.623588,"height":1.5808091},"location":{"x":8.84618713314924,"y":3.5793939730796454,"z":1.0983193604698647},"orientation":{"rotationYaw":1.6001026280913844,"rotationPitch":0,"rotationRoll":0}}}]}