{"name":"000000","timestamp":0,"index":0,"labels":[{"id":2,"category":"car","box3d":{"dimension":{"width":1.92,"length":4.621574,"height":1.6157823},"location":{"x":9.955947524608652,"y":3.4108577626059047,"z":1.0540831220661442},"orientation":{"rotationYaw":1.6024799895391784,"rotationPitch":0,"rotationRoll":0}}},{"id":6,"category":"car","box3d":{"dimension":{"width":2.68,"length":5.8693767,"height":2.5224595},"location":{"x":16.604208643584464,"y":-3.657045734705983,"z":1.616009113296268},"orientation":{"rotationYaw":-1.541556277994169,"rotationPitch":0,"rotationRoll":0}}}]}