{"name":"000011","timestamp":0,"index":11,"labels":[{"id":0,"category":"car","box3d":{"dimension":{"width":2.0300000000000002,"length":4.623588,"height":1.5808091},"location":{"x":13.556623912926952,"y":3.4748990150534307,"z":1.0983192559702752},"orientation":{"rotationYaw":1.6001026280913841,"rotationPitch":0,"rotationRoll":0}}},{"id":6,"category":"car","box3d":{"dimension":{"width":2.68,"length":5.8693767,"height":2.5224595},"location":{"x":10.526117391290681,"y":-3.6663521843812226,"z":1.6160091039894044},"orientation":{"rotationYaw":-1.541556277994169,"rotationPitch":0,"rotationRoll":0}}}]}