{"name":"000038","timestamp":0,"index":38,"labels":[{"id":0,"category":"car","box3d":{"dimension":{"width":2.25,"length":4.572868,"height":1.5787339},"location":{"x":8.113876420911414,"y":3.817524440959077,"z":1.2204333766503144},"orientation":{"rotationYaw":1.5937737768060727,"rotationPitch":0,"rotationRoll":0}}},{"id":1,"category":"car","box3d":{"dimension":{"width":2.35,"length":5.305412,"height":2.191893},"location":{"x":22.220277479019085,"y":-3.5867719699443588,"z":1.6610166268502615},"orientation":{"rotationYaw":-1.5338940054451449,"rotationPitch":0,"rotationRoll":0}}}]}