{"name":"000036","timestamp":0,"index":36,"labels":[{"id":1,"category":"car","box3d":{"dimension":{"width":2.35,"length":5.305412,"height":2.191893},"location":{"x":22.78844961250821,"y":-3.676801721227561,"z":1.6610165368165084},"orientation":{"rotationYaw":-1.5338940054451449,"rotationPitch":0,"rotationRoll":0}}},{"id":0,"category":"car","box3d":{"dimension":{"width":2.25,"length":4.572868,"height":1.5787339},"location":{"x":9.940143992840735,"y":3.817524440959077,"z":1.2204333766503153},"orientation":{"rotationYaw":1.5937737768060727,"rotationPitch":0,"rotationRoll":0}}}]}