{"name":"000009","timestamp":0,"index":9,"labels":[{"id":2,"category":"car","box3d":{"dimension":{"width":2.0300000000000002,"length":4.5059733,"height":1.5535874},"location":{"x":10.248112993669904,"y":-3.561440533766324,"z":1.1919947284447672},"orientation":{"rotationYaw":-1.545098077505756,"rotationPitch":0,"rotationRoll":0}}},{"id":0,"category":"car","box3d":{"dimension":{"width":2.25,"length":4.543449,"height":1.620482},"location":{"x":17.002171765112003,"y":-3.7053633457417394,"z":1.3979532994871442},"orientation":{"rotationYaw":-1.55,"rotationPitch":0,"rotationRoll":0}}}]}