{"name":"000014","timestamp":0,"index":14,"labels":[{"id":2,"category":"car","box3d":{"dimension":{"width":2.0300000000000002,"length":4.5059733,"height":1.5535874},"location":{"x":8.458147017354374,"y":-3.665935491792535,"z":1.1919946239451662},"orientation":{"rotationYaw":-1.545098077505756,"rotationPitch":0,"rotationRoll":0}}},{"id":0,"category":"car","box3d":{"dimension":{"width":2.25,"length":4.543449,"height":1.620482},"location":{"x":15.055191229470537,"y":-3.6705316930663408,"z":1.3979533343203459},"orientation":{"rotationYaw":-1.55,"rotationPitch":0,"rotationRoll":0}}}]}