{"name":"000005","timestamp":0,"index":5,"labels":[{"id":2,"category":"car","box3d":{"dimension":{"width":2.0300000000000002,"length":4.5059733,"height":1.5535874},"location":{"x":11.661244027603214,"y":-3.456945575740113,"z":1.191994832944357},"orientation":{"rotationYaw":-1.545098077505756,"rotationPitch":0,"rotationRoll":0}}},{"id":0,"category":"car","box3d":{"dimension":{"width":2.25,"length":4.543449,"height":1.620482},"location":{"x":18.352496975314946,"y":-3.6357000403909234,"z":1.3979533691535544},"orientation":{"rotationYaw":-1.55,"rotationPitch":0,"rotationRoll":0}}}]}