{"name":"000001","timestamp":0,"index":1,"labels":[{"id":2,"category":"car","box3d":{"dimension":{"width":2.0300000000000002,"length":4.5059733,"height":1.5535874},"location":{"x":13.309896900525416,"y":-3.561440533766324,"z":1.1919947284447485},"orientation":{"rotationYaw":-1.545098077505756,"rotationPitch":0,"rotationRoll":0}}},{"id":0,"category":"car","box3d":{"dimension":{"width":2.25,"length":4.543449,"height":1.620482},"location":{"x":19.922642568574197,"y":-3.5660367350401105,"z":1.3979534388199564},"orientation":{"rotationYaw":-1.55,"rotationPitch":0,"rotationRoll":0}}}]}