{"name":"000002","timestamp":0,"index":2,"labels":[{"id":2,"category":"car","box3d":{"dimension":{"width":2.0300000000000002,"length":4.5059733,"height":1.5535874},"location":{"x":12.885957590345416,"y":-3.6659354917925357,"z":1.1919946239451453},"orientation":{"rotationYaw":-1.545098077505756,"rotationPitch":0,"rotationRoll":0}}},{"id":0,"category":"car","box3d":{"dimension":{"width":2.25,"length":4.543449,"height":1.620482},"location":{"x":19.54580762619198,"y":-3.6357000403909203,"z":1.3979533691535548},"orientation":{"rotationYaw":-1.55,"rotationPitch":0,"rotationRoll":0}}}]}