{"name":"000011","timestamp":0,"index":11,"labels":[{"id":2,"category":"car","box3d":{"dimension":{"width":2.0300000000000002,"length":4.5059733,"height":1.5535874},"location":{"x":9.588651844501033,"y":-3.5614405337663237,"z":1.1919947284447676},"orientation":{"rotationYaw":-1.545098077505756,"rotationPitch":0,"rotationRoll":0}}},{"id":0,"category":"car","box3d":{"dimension":{"width":2.25,"length":4.543449,"height":1.620482},"location":{"x":16.248501880347565,"y":-3.635700040390932,"z":1.397953369153552},"orientation":{"rotationYaw":-1.55,"rotationPitch":0,"rotationRoll":0}}}]}