{"name":"000010","timestamp":0,"index":10,"labels":[{"id":2,"category":"car","box3d":{"dimension":{"width":2.0300000000000002,"length":4.5059733,"height":1.5535874},"location":{"x":9.918382419085468,"y":-3.5614405337663237,"z":1.1919947284447674},"orientation":{"rotationYaw":-1.545098077505756,"rotationPitch":0,"rotationRoll":0}}},{"id":0,"category":"car","box3d":{"dimension":{"width":2.25,"length":4.543449,"height":1.620482},"location":{"x":16.625336822729782,"y":-3.6705316930663354,"z":1.397953334320348},"orientation":{"rotationYaw":-1.55,"rotationPitch":0,"rotationRoll":0}}}]}