{"name":"000013","timestamp":0,"index":13,"labels":[{"id":2,"category":"car","box3d":{"dimension":{"width":2.0300000000000002,"length":4.5059733,"height":1.5535874},"location":{"x":8.834981959736593,"y":-3.6311038391171313,"z":1.1919946587783667},"orientation":{"rotationYaw":-1.545098077505756,"rotationPitch":0,"rotationRoll":0}}},{"id":0,"category":"car","box3d":{"dimension":{"width":2.25,"length":4.543449,"height":1.620482},"location":{"x":15.463429083717939,"y":-3.6357000403909345,"z":1.3979533691535508},"orientation":{"rotationYaw":-1.55,"rotationPitch":0,"rotationRoll":0}}}]}