{"name":"000012","timestamp":0,"index":12,"labels":[{"id":2,"category":"car","box3d":{"dimension":{"width":2.0300000000000002,"length":4.5059733,"height":1.5535874},"location":{"x":9.211816902118814,"y":-3.5962721864417273,"z":1.191994693611567},"orientation":{"rotationYaw":-1.545098077505756,"rotationPitch":0,"rotationRoll":0}}},{"id":0,"category":"car","box3d":{"dimension":{"width":2.25,"length":4.543449,"height":1.620482},"location":{"x":15.871666937965342,"y":-3.600868387715528,"z":1.3979534039867558},"orientation":{"rotationYaw":-1.55,"rotationPitch":0,"rotationRoll":0}}}]}