{"name":"000003","timestamp":0,"index":3,"labels":[{"id":2,"category":"car","box3d":{"dimension":{"width":2.0300000000000002,"length":4.5059733,"height":1.5535874},"location":{"x":12.477719736098015,"y":-3.596272186441728,"z":1.1919946936115493},"orientation":{"rotationYaw":-1.545098077505756,"rotationPitch":0,"rotationRoll":0}}},{"id":0,"category":"car","box3d":{"dimension":{"width":2.25,"length":4.543449,"height":1.620482},"location":{"x":19.168972683809763,"y":-3.7053633457417305,"z":1.3979532994871535},"orientation":{"rotationYaw":-1.55,"rotationPitch":0,"rotationRoll":0}}}]}