{"name":"000008","timestamp":0,"index":8,"labels":[{"id":2,"category":"car","box3d":{"dimension":{"width":2.0300000000000002,"length":4.5059733,"height":1.5535874},"location":{"x":10.530739200456566,"y":-3.561440533766324,"z":1.191994728444763},"orientation":{"rotationYaw":-1.545098077505756,"rotationPitch":0,"rotationRoll":0}}},{"id":0,"category":"car","box3d":{"dimension":{"width":2.25,"length":4.543449,"height":1.620482},"location":{"x":17.316200883763848,"y":-3.6705316930663328,"z":1.3979533343203479},"orientation":{"rotationYaw":-1.55,"rotationPitch":0,"rotationRoll":0}}}]}