{"name":"000006","timestamp":0,"index":6,"labels":[{"id":2,"category":"car","box3d":{"dimension":{"width":2.0300000000000002,"length":4.5059733,"height":1.5535874},"location":{"x":11.237304717423221,"y":-3.5091930547532186,"z":1.1919947806945579},"orientation":{"rotationYaw":-1.545098077505756,"rotationPitch":0,"rotationRoll":0}}},{"id":0,"category":"car","box3d":{"dimension":{"width":2.25,"length":4.543449,"height":1.620482},"location":{"x":17.94425912106754,"y":-3.60086838771552,"z":1.397953403986755},"orientation":{"rotationYaw":-1.55,"rotationPitch":0,"rotationRoll":0}}}]}