{"name":"000007","timestamp":0,"index":7,"labels":[{"id":2,"category":"car","box3d":{"dimension":{"width":2.0300000000000002,"length":4.5059733,"height":1.5535874},"location":{"x":10.813365407243229,"y":-3.561440533766324,"z":1.1919947284447587},"orientation":{"rotationYaw":-1.545098077505756,"rotationPitch":0,"rotationRoll":0}}},{"id":0,"category":"car","box3d":{"dimension":{"width":2.25,"length":4.543449,"height":1.620482},"location":{"x":17.630230002415693,"y":-3.6357000403909265,"z":1.3979533691535513},"orientation":{"rotationYaw":-1.55,"rotationPitch":0,"rotationRoll":0}}}]}