{"name":"000004","timestamp":0,"index":4,"labels":[{"id":2,"category":"car","box3d":{"dimension":{"width":2.0300000000000002,"length":4.5059733,"height":1.5535874},"location":{"x":12.069481881850615,"y":-3.5266088810909206,"z":1.191994763277953},"orientation":{"rotationYaw":-1.545098077505756,"rotationPitch":0,"rotationRoll":0}}},{"id":0,"category":"car","box3d":{"dimension":{"width":2.25,"length":4.543449,"height":1.620482},"location":{"x":18.760734829562356,"y":-3.670531693066327,"z":1.397953334320354},"orientation":{"rotationYaw":-1.55,"rotationPitch":0,"rotationRoll":0}}}]}