{"name":"000015","timestamp":0,"index":15,"labels":[{"id":2,"category":"car","box3d":{"dimension":{"width":2.0300000000000002,"length":4.5059733,"height":1.5535874},"location":{"x":8.08131207497215,"y":-3.665935491792535,"z":1.1919946239451658},"orientation":{"rotationYaw":-1.545098077505756,"rotationPitch":0,"rotationRoll":0}}},{"id":0,"category":"car","box3d":{"dimension":{"width":2.25,"length":4.543449,"height":1.620482},"location":{"x":14.646953375223134,"y":-3.7053633457417474,"z":1.3979532994871409},"orientation":{"rotationYaw":-1.55,"rotationPitch":0,"rotationRoll":0}}}]}