{"name":"000037","timestamp":0,"index":37,"labels":[{"id":0,"category":"car","box3d":{"dimension":{"width":2.25,"length":4.572868,"height":1.5787339},"location":{"x":9.027010206876074,"y":3.817524440959077,"z":1.2204333766503148},"orientation":{"rotationYaw":1.5937737768060727,"rotationPitch":0,"rotationRoll":0}}},{"id":1,"category":"car","box3d":{"dimension":{"width":2.35,"length":5.305412,"height":2.191893},"location":{"x":22.50436354576365,"y":-3.63178684558596,"z":1.6610165818333849},"orientation":{"rotationYaw":-1.5338940054451449,"rotationPitch":0,"rotationRoll":0}}}]}