{"name":"000016","timestamp":0,"index":16,"labels":[{"id":2,"category":"car","box3d":{"dimension":{"width":2.0300000000000002,"length":4.5059733,"height":1.5535874},"location":{"x":7.610268396994378,"y":-3.5614405337663237,"z":1.1919947284447685},"orientation":{"rotationYaw":-1.545098077505756,"rotationPitch":0,"rotationRoll":0}}},{"id":0,"category":"car","box3d":{"dimension":{"width":2.25,"length":4.543449,"height":1.620482},"location":{"x":14.36432716843647,"y":-3.7053633457417474,"z":1.2840090377982325},"orientation":{"rotationYaw":-1.55,"rotationPitch":0,"rotationRoll":0}}}]}