{"name":"000000","timestamp":0,"index":0,"labels":[{"id":1,"category":"car","box3d":{"dimension":{"width":2.0300000000000002,"length":4.8850017,"height":1.9787583},"location":{"x":21.862479007291046,"y":-7.0368368261017675,"z":1.5509205925328085},"orientation":{"rotationYaw":-1.552600613322272,"rotationPitch":0,"rotationRoll":0}}},{"id":2,"category":"car","box3d":{"dimension":{"width":1.92,"length":4.592033,"height":1.4946275},"location":{"x":23.20733198132453,"y":6.15298659143101,"z":1.202880315429132},"orientation":{"rotationYaw":1.5984533948393813,"rotationPitch":0,"rotationRoll":0}}},{"id":5,"category":"car","box3d":{"dimension":{"width":2.0300000000000002,"length":4.501823,"height":1.59619},"location":{"x":15.140947506481082,"y":-7.46671569482499,"z":1.3793656266411387},"orientation":{"rotationYaw":-1.5192374144459704,"rotationPitch":0,"rotationRoll":0}}},{"id":9,"category":"car","box3d":{"dimension":{"width":2.0300000000000002,"length":4.568168,"height":1.6733994},"location":{"x":9.152788477862645,"y":4.281288541804101,"z":0.9552039710334509},"orientation":{"rotationYaw":1.5887267983567805,"rotationPitch":0,"rotationRoll":0}}}]}