{"name":"000003","timestamp":0,"index":3,"labels":[{"id":5,"category":"car","box3d":{"dimension":{"width":2.0300000000000002,"length":4.501823,"height":1.59619},"location":{"x":14.047493650233816,"y":-7.588000004703307,"z":1.3793655053514364},"orientation":{"rotationYaw":-1.5192374144459702,"rotationPitch":0,"rotationRoll":0}}},{"id":1,"category":"car","box3d":{"dimension":{"width":2.0300000000000002,"length":4.8850017,"height":1.9787583},"location":{"x":20.696128227293965,"y":-7.0368368261017675,"z":1.5509205925328085},"orientation":{"rotationYaw":-1.552600613322272,"rotationPitch":0,"rotationRoll":0}}},{"id":2,"category":"car","box3d":{"dimension":{"width":1.92,"length":4.592033,"height":1.4946275},"location":{"x":21.948565676170322,"y":6.3275122489913045,"z":1.2028804899625516},"orientation":{"rotationYaw":1.5984533948393815,"rotationPitch":0,"rotationRoll":0}}}]}