{"name":"000017","timestamp":0,"index":17,"labels":[{"id":1,"category":"car","box3d":{"dimension":{"width":2.0300000000000002,"length":4.8850017,"height":1.9787583},"location":{"x":15.59334356480673,"y":-6.8751244129306786,"z":1.3104634024850175},"orientation":{"rotationYaw":-1.552600613322272,"rotationPitch":0,"rotationRoll":0}}},{"id":2,"category":"car","box3d":{"dimension":{"width":1.92,"length":4.592033,"height":1.4946275},"location":{"x":16.91350045555347,"y":6.327512248991304,"z":1.0538909409259254},"orientation":{"rotationYaw":1.5984533948393815,"rotationPitch":0,"rotationRoll":0}}}]}