{"name":"000014","timestamp":0,"index":14,"labels":[{"id":1,"category":"car","box3d":{"dimension":{"width":2.0300000000000002,"length":4.8850017,"height":1.9787583},"location":{"x":16.686797421053996,"y":-6.834696309637906,"z":1.5509207946823103},"orientation":{"rotationYaw":-1.552600613322272,"rotationPitch":0,"rotationRoll":0}}},{"id":2,"category":"car","box3d":{"dimension":{"width":1.92,"length":4.592033,"height":1.4946275},"location":{"x":17.700229396274846,"y":6.502037906551592,"z":1.0538911154593444},"orientation":{"rotationYaw":1.5984533948393815,"rotationPitch":0,"rotationRoll":0}}}]}