{"name":"000008","timestamp":0,"index":8,"labels":[{"id":5,"category":"car","box3d":{"dimension":{"width":2.0300000000000002,"length":4.501823,"height":1.59619},"location":{"x":12.225070556488372,"y":-7.385859488239442,"z":1.3793657075009367},"orientation":{"rotationYaw":-1.5192374144459702,"rotationPitch":0,"rotationRoll":0}}},{"id":1,"category":"car","box3d":{"dimension":{"width":2.0300000000000002,"length":4.8850017,"height":1.9787583},"location":{"x":18.873705133548526,"y":-7.0368368261017675,"z":1.5509205925328085},"orientation":{"rotationYaw":-1.552600613322272,"rotationPitch":0,"rotationRoll":0}}},{"id":2,"category":"car","box3d":{"dimension":{"width":1.92,"length":4.592033,"height":1.4946275},"location":{"x":20.060416218439006,"y":6.152986591431011,"z":1.0538907663925137},"orientation":{"rotationYaw":1.5984533948393815,"rotationPitch":0,"rotationRoll":0}}}]}