{"name":"000002","timestamp":0,"index":2,"labels":[{"id":9,"category":"car","box3d":{"dimension":{"width":2.0300000000000002,"length":4.568168,"height":1.6733994},"location":{"x":7.527788477862637,"y":4.1426403615615355,"z":0.955203832379108},"orientation":{"rotationYaw":1.5887267983567805,"rotationPitch":0,"rotationRoll":0}}},{"id":5,"category":"car","box3d":{"dimension":{"width":2.0300000000000002,"length":4.501823,"height":1.59619},"location":{"x":14.411978268982905,"y":-7.547571901410534,"z":1.3793655457813372},"orientation":{"rotationYaw":-1.5192374144459702,"rotationPitch":0,"rotationRoll":0}}},{"id":1,"category":"car","box3d":{"dimension":{"width":2.0300000000000002,"length":4.8850017,"height":1.9787583},"location":{"x":21.06061284604305,"y":-7.0368368261017675,"z":1.5509205925328085},"orientation":{"rotationYaw":-1.552600613322272,"rotationPitch":0,"rotationRoll":0}}},{"id":2,"category":"car","box3d":{"dimension":{"width":1.92,"length":4.592033,"height":1.4946275},"location":{"x":22.368154444555056,"y":6.269337029804539,"z":1.202880431784745},"orientation":{"rotationYaw":1.5984533948393815,"rotationPitch":0,"rotationRoll":0}}}]}