{"name":"000001","timestamp":0,"index":1,"labels":[{"id":9,"category":"car","box3d":{"dimension":{"width":2.0300000000000002,"length":4.568168,"height":1.6733994},"location":{"x":8.465288477862638,"y":4.211964451682817,"z":0.955203901706279},"orientation":{"rotationYaw":1.5887267983567805,"rotationPitch":0,"rotationRoll":0}}},{"id":5,"category":"car","box3d":{"dimension":{"width":2.0300000000000002,"length":4.501823,"height":1.59619},"location":{"x":14.776462887731993,"y":-7.507143798117762,"z":1.379365586211238},"orientation":{"rotationYaw":-1.5192374144459704,"rotationPitch":0,"rotationRoll":0}}},{"id":1,"category":"car","box3d":{"dimension":{"width":2.0300000000000002,"length":4.8850017,"height":1.9787583},"location":{"x":21.46154592666705,"y":-7.0368368261017675,"z":1.5509205925328085},"orientation":{"rotationYaw":-1.552600613322272,"rotationPitch":0,"rotationRoll":0}}},{"id":2,"category":"car","box3d":{"dimension":{"width":1.92,"length":4.592033,"height":1.4946275},"location":{"x":22.787743212939795,"y":6.211161810617775,"z":1.2028803736069387},"orientation":{"rotationYaw":1.5984533948393813,"rotationPitch":0,"rotationRoll":0}}}]}