{"name":"000006","timestamp":0,"index":6,"labels":[{"id":0,"category":"car","box3d":{"dimension":{"width":1.847552,"length":4.351066,"height":1.6197495},"location":{"x":13.270436007984367,"y":-0.02583490602300864,"z":1.0503870264088517},"orientation":{"rotationYaw":-1.5470866976130981,"rotationPitch":0,"rotationRoll":0}}},{"id":0,"category":"pedestrian","box3d":{"dimension":{"width":0.62,"length":0.73,"height":1.71},"location":{"x":9.427706522707753,"y":-2.8342605221414447,"z":0.9909211299139946},"orientation":{"rotationYaw":-1.55,"rotationPitch":0,"rotationRoll":0}}},{"id":2,"category":"car","box3d":{"dimension":{"width":1.8380305,"length":4.484611,"height":1.6158433},"location":{"x":9.838540654924657,"y":-4.106795402154427,"z":0.9353246720561291},"orientation":{"rotationYaw":-1.5596636979019882,"rotationPitch":0,"rotationRoll":0}}}]}