{"name":"000002","timestamp":0,"index":2,"labels":[{"id":0,"category":"car","box3d":{"dimension":{"width":1.847552,"length":4.351066,"height":1.6197495},"location":{"x":13.116968800090014,"y":0.030906291580882816,"z":1.0503870831525728},"orientation":{"rotationYaw":-1.5470866976130981,"rotationPitch":0,"rotationRoll":0}}},{"id":0,"category":"pedestrian","box3d":{"dimension":{"width":0.62,"length":0.73,"height":1.71},"location":{"x":10.265381699131094,"y":-2.7420560760351216,"z":0.9909212221225392},"orientation":{"rotationYaw":-1.55,"rotationPitch":0,"rotationRoll":0}}},{"id":2,"category":"car","box3d":{"dimension":{"width":1.8380305,"length":4.484611,"height":1.6158433},"location":{"x":10.836077506237949,"y":-4.02168360574859,"z":0.9353247571717087},"orientation":{"rotationYaw":-1.5596636979019882,"rotationPitch":0,"rotationRoll":0}}}]}