{"name":"000016","timestamp":0,"index":16,"labels":[{"id":0,"category":"car","box3d":{"dimension":{"width":1.847552,"length":4.351066,"height":1.6197495},"location":{"x":13.785647348772548,"y":-0.12310553048682255,"z":1.0503869291339025},"orientation":{"rotationYaw":-1.5470866976130981,"rotationPitch":0,"rotationRoll":0}}},{"id":0,"category":"pedestrian","box3d":{"dimension":{"width":0.62,"length":0.73,"height":1.71},"location":{"x":7.042570333349698,"y":-2.8839090700448495,"z":0.9909210802632398},"orientation":{"rotationYaw":-1.55,"rotationPitch":0,"rotationRoll":0}}}]}