{"name":"000015","timestamp":0,"index":15,"labels":[{"id":0,"category":"car","box3d":{"dimension":{"width":1.847552,"length":4.351066,"height":1.6197495},"location":{"x":13.741799575088448,"y":-0.14742318660277604,"z":1.0503869048151666},"orientation":{"rotationYaw":-1.5470866976130981,"rotationPitch":0,"rotationRoll":0}}},{"id":0,"category":"pedestrian","box3d":{"dimension":{"width":0.62,"length":0.73,"height":1.71},"location":{"x":7.221615409226444,"y":-2.855538471242904,"z":0.9909211086350997},"orientation":{"rotationYaw":-1.55,"rotationPitch":0,"rotationRoll":0}}}]}