{"name":"000018","timestamp":0,"index":18,"labels":[{"id":0,"category":"car","box3d":{"dimension":{"width":1.847552,"length":4.351066,"height":1.6197495},"location":{"x":13.873342896140748,"y":-0.0744702182549156,"z":1.0503869777713744},"orientation":{"rotationYaw":-1.5470866976130981,"rotationPitch":0,"rotationRoll":0}}},{"id":0,"category":"pedestrian","box3d":{"dimension":{"width":0.62,"length":0.73,"height":1.71},"location":{"x":6.684480181596205,"y":-2.9406502676487407,"z":0.9909210235195199},"orientation":{"rotationYaw":-1.55,"rotationPitch":0,"rotationRoll":0}}}]}