{"name":"000020","timestamp":0,"index":20,"labels":[{"id":0,"category":"car","box3d":{"dimension":{"width":1.847552,"length":4.351066,"height":1.6197495},"location":{"x":13.961038443508947,"y":-0.02583490602300864,"z":1.0503870264088462},"orientation":{"rotationYaw":-1.5470866976130981,"rotationPitch":0,"rotationRoll":0}}},{"id":0,"category":"pedestrian","box3d":{"dimension":{"width":0.62,"length":0.73,"height":1.71},"location":{"x":6.147344953965966,"y":-2.770426674837061,"z":0.9909211937506791},"orientation":{"rotationYaw":-1.55,"rotationPitch":0,"rotationRoll":0}}}]}