{"name":"000008","timestamp":0,"index":8,"labels":[{"id":0,"category":"car","box3d":{"dimension":{"width":1.847552,"length":4.351066,"height":1.6197495},"location":{"x":13.38005544219462,"y":-0.0744702182549156,"z":1.0503869777713783},"orientation":{"rotationYaw":-1.5470866976130981,"rotationPitch":0,"rotationRoll":0}}},{"id":0,"category":"pedestrian","box3d":{"dimension":{"width":0.62,"length":0.73,"height":1.71},"location":{"x":8.98648830001149,"y":-2.812982573039986,"z":0.9909211511928895},"orientation":{"rotationYaw":-1.55,"rotationPitch":0,"rotationRoll":0}}},{"id":2,"category":"car","box3d":{"dimension":{"width":1.8380305,"length":4.484611,"height":1.6158433},"location":{"x":9.470219355978212,"y":-4.106795402154427,"z":0.9353246720561291},"orientation":{"rotationYaw":-1.5596636979019882,"rotationPitch":0,"rotationRoll":0}}}]}