{"name":"000000","timestamp":0,"index":0,"labels":[{"id":0,"category":"car","box3d":{"dimension":{"width":1.847552,"length":4.351066,"height":1.6197495},"location":{"x":13.040235196142838,"y":0.059276890382828545,"z":1.0503871115244334},"orientation":{"rotationYaw":-1.5470866976130981,"rotationPitch":0,"rotationRoll":0}}},{"id":2,"category":"car","box3d":{"dimension":{"width":1.8380305,"length":4.484611,"height":1.6158433},"location":{"x":11.296479129921016,"y":-4.02168360574859,"z":0.9353247571717087},"orientation":{"rotationYaw":-1.5596636979019882,"rotationPitch":0,"rotationRoll":0}}},{"id":0,"category":"pedestrian","box3d":{"dimension":{"width":0.62,"length":0.73,"height":1.71},"location":{"x":10.674627586849367,"y":-2.6853148784312304,"z":0.9909212788662589},"orientation":{"rotationYaw":-1.55,"rotationPitch":0,"rotationRoll":0}}}]}