{"name":"000017","timestamp":0,"index":17,"labels":[{"id":0,"category":"car","box3d":{"dimension":{"width":1.847552,"length":4.351066,"height":1.6197495},"location":{"x":13.829495122456649,"y":-0.09878787437086907,"z":1.0503869534526384},"orientation":{"rotationYaw":-1.5470866976130981,"rotationPitch":0,"rotationRoll":0}}},{"id":0,"category":"pedestrian","box3d":{"dimension":{"width":0.62,"length":0.73,"height":1.71},"location":{"x":6.8635252574729515,"y":-2.912279668846795,"z":0.9909210518913799},"orientation":{"rotationYaw":-1.55,"rotationPitch":0,"rotationRoll":0}}}]}