{"name":"000004","timestamp":0,"index":4,"labels":[{"id":0,"category":"car","box3d":{"dimension":{"width":1.847552,"length":4.351066,"height":1.6197495},"location":{"x":13.193702404037191,"y":0.0025356927789370876,"z":1.0503870547807124},"orientation":{"rotationYaw":-1.5470866976130981,"rotationPitch":0,"rotationRoll":0}}},{"id":0,"category":"pedestrian","box3d":{"dimension":{"width":0.62,"length":0.73,"height":1.71},"location":{"x":9.849741344417222,"y":-2.7917046239385264,"z":0.9909211724717845},"orientation":{"rotationYaw":-1.55,"rotationPitch":0,"rotationRoll":0}}},{"id":2,"category":"car","box3d":{"dimension":{"width":1.8380305,"length":4.484611,"height":1.6158433},"location":{"x":10.337309080581303,"y":-4.064239503951509,"z":0.935324714613919},"orientation":{"rotationYaw":-1.5596636979019882,"rotationPitch":0,"rotationRoll":0}}}]}