{"name":"000023","timestamp":0,"index":23,"labels":[{"id":5,"category":"bicycle","box3d":{"dimension":{"width":0.6108315,"length":1.6,"height":1.7598633},"location":{"x":9.475282540788143,"y":-2.43662979840134,"z":0.9431096141082258},"orientation":{"rotationYaw":-1.494056662520089,"rotationPitch":0,"rotationRoll":0}}},{"id":0,"category":"car","box3d":{"dimension":{"width":1.8277766,"length":4.3935466,"height":1.6145005},"location":{"x":11.909516354939917,"y":-0.7402347359896431,"z":1.1800740366544298},"orientation":{"rotationYaw":-1.5406207112509716,"rotationPitch":0,"rotationRoll":0}}}]}