{"name":"000014","timestamp":0,"index":14,"labels":[{"id":5,"category":"bicycle","box3d":{"dimension":{"width":0.6108315,"length":1.6,"height":1.7598633},"location":{"x":9.764646603288142,"y":-2.43662979840134,"z":0.9431096141082258},"orientation":{"rotationYaw":-1.494056662520089,"rotationPitch":0,"rotationRoll":0}}},{"id":2,"category":"car","box3d":{"dimension":{"width":1.81,"length":4.5703044,"height":1.6105332},"location":{"x":8.445046780665677,"y":-4.028327592992044,"z":1.0836880983658745},"orientation":{"rotationYaw":-1.5461972062325833,"rotationPitch":0,"rotationRoll":0}}},{"id":0,"category":"car","box3d":{"dimension":{"width":1.8277766,"length":4.3935466,"height":1.6145005},"location":{"x":13.186599688273247,"y":-0.7425455389936858,"z":1.1800740343435245},"orientation":{"rotationYaw":-1.5406207112509716,"rotationPitch":0,"rotationRoll":0}}}]}