{"name":"000034","timestamp":0,"index":34,"labels":[{"id":5,"category":"bicycle","box3d":{"dimension":{"width":0.6108315,"length":1.6,"height":1.7598633},"location":{"x":9.362752072038148,"y":-2.3474746857497393,"z":0.9431097032673015},"orientation":{"rotationYaw":-1.494056662520089,"rotationPitch":0,"rotationRoll":0}}},{"id":0,"category":"car","box3d":{"dimension":{"width":1.8277766,"length":4.3935466,"height":1.6145005},"location":{"x":10.676183021606583,"y":-0.7540995540138995,"z":1.1800740227889928},"orientation":{"rotationYaw":-1.5406207112509716,"rotationPitch":0,"rotationRoll":0}}}]}