{"name":"000045","timestamp":0,"index":45,"labels":[{"id":6,"category":"bicycle","box3d":{"dimension":{"width":0.587394,"length":1.6932855,"height":1.2048095},"location":{"x":12.928663145680947,"y":-6.364418289131271,"z":1.1097022104157832},"orientation":{"rotationYaw":1.6000377543436801,"rotationPitch":0,"rotationRoll":0}}},{"id":3,"category":"pedestrian","box3d":{"dimension":{"width":0.7315072,"length":0.83878946,"height":1.7575449},"location":{"x":13.967880655376275,"y":-5.324500167773109,"z":1.2520540803130717},"orientation":{"rotationYaw":1.159567700018845,"rotationPitch":0,"rotationRoll":0}}},{"id":0,"category":"car","box3d":{"dimension":{"width":1.8277766,"length":4.3935466,"height":1.6145005},"location":{"x":9.804516354939919,"y":-0.7277563997678108,"z":1.180074049133317},"orientation":{"rotationYaw":-1.5406207112509716,"rotationPitch":0,"rotationRoll":0}}},{"id":5,"category":"bicycle","box3d":{"dimension":{"width":0.6108315,"length":1.6,"height":1.7598633},"location":{"x":9.46292264495481,"y":-2.139446089562666,"z":0.9431099113051465},"orientation":{"rotationYaw":-1.494056662520089,"rotationPitch":0,"rotationRoll":0}}}]}