{"name":"000009","timestamp":0,"index":9,"labels":[{"id":5,"category":"bicycle","box3d":{"dimension":{"width":0.6108315,"length":1.6,"height":1.7598633},"location":{"x":10.139748165788141,"y":-2.43662979840134,"z":0.9431096141082256},"orientation":{"rotationYaw":-1.494056662520089,"rotationPitch":0,"rotationRoll":0}}},{"id":2,"category":"car","box3d":{"dimension":{"width":1.81,"length":4.5703044,"height":1.6105332},"location":{"x":9.290880113999009,"y":-3.9174090487979916,"z":1.08368820928935},"orientation":{"rotationYaw":-1.5461972062325833,"rotationPitch":0,"rotationRoll":0}}},{"id":0,"category":"car","box3d":{"dimension":{"width":1.8277766,"length":4.3935466,"height":1.6145005},"location":{"x":13.922016354939904,"y":-0.8095588261109252,"z":1.1800739673272533},"orientation":{"rotationYaw":-1.5406207112509716,"rotationPitch":0,"rotationRoll":0}}}]}