{"name":"000006","timestamp":0,"index":6,"labels":[{"id":5,"category":"bicycle","box3d":{"dimension":{"width":0.6108315,"length":1.6,"height":1.7598633},"location":{"x":10.268354415788146,"y":-2.43662979840134,"z":0.9431096141082255},"orientation":{"rotationYaw":-1.494056662520089,"rotationPitch":0,"rotationRoll":0}}},{"id":2,"category":"car","box3d":{"dimension":{"width":1.81,"length":4.5703044,"height":1.6105332},"location":{"x":9.84088011399901,"y":-3.924341457810122,"z":1.0836882023566343},"orientation":{"rotationYaw":-1.5461972062325833,"rotationPitch":0,"rotationRoll":0}}},{"id":0,"category":"car","box3d":{"dimension":{"width":1.8277766,"length":4.3935466,"height":1.6145005},"location":{"x":14.372016354939904,"y":-0.8234236441351817,"z":1.1800739534618163},"orientation":{"rotationYaw":-1.5406207112509716,"rotationPitch":0,"rotationRoll":0}}}]}