{"name":"000007","timestamp":0,"index":7,"labels":[{"id":5,"category":"bicycle","box3d":{"dimension":{"width":0.6108315,"length":1.6,"height":1.7598633},"location":{"x":10.225485665788144,"y":-2.43662979840134,"z":0.9431096141082255},"orientation":{"rotationYaw":-1.494056662520089,"rotationPitch":0,"rotationRoll":0}}},{"id":2,"category":"car","box3d":{"dimension":{"width":1.81,"length":4.5703044,"height":1.6105332},"location":{"x":9.653380113999008,"y":-3.9070104352798003,"z":1.0836882196884265},"orientation":{"rotationYaw":-1.5461972062325833,"rotationPitch":0,"rotationRoll":0}}},{"id":0,"category":"car","box3d":{"dimension":{"width":1.8277766,"length":4.3935466,"height":1.6145005},"location":{"x":14.222016354939903,"y":-0.8234236441351817,"z":1.180073953461817},"orientation":{"rotationYaw":-1.5406207112509716,"rotationPitch":0,"rotationRoll":0}}}]}