{"name":"000048","timestamp":0,"index":48,"labels":[{"id":6,"category":"bicycle","box3d":{"dimension":{"width":0.587394,"length":1.6932855,"height":1.2048095},"location":{"x":12.522413145680943,"y":-6.295094199009988,"z":1.1097022797429517},"orientation":{"rotationYaw":1.6000377543436803,"rotationPitch":0,"rotationRoll":0}}},{"id":3,"category":"pedestrian","box3d":{"dimension":{"width":0.7315072,"length":0.83878946,"height":1.7575449},"location":{"x":13.546005655376272,"y":-5.324500167773109,"z":1.252054080313071},"orientation":{"rotationYaw":1.1595677000188447,"rotationPitch":0,"rotationRoll":0}}},{"id":0,"category":"car","box3d":{"dimension":{"width":1.8277766,"length":4.3935466,"height":1.6145005},"location":{"x":9.590766354939921,"y":-0.6882416683986776,"z":1.1800740886498082},"orientation":{"rotationYaw":-1.5406207112509716,"rotationPitch":0,"rotationRoll":0}}},{"id":5,"category":"bicycle","box3d":{"dimension":{"width":0.6108315,"length":1.6,"height":1.7598633},"location":{"x":9.492610144954813,"y":-2.139446089562666,"z":0.9431099113051465},"orientation":{"rotationYaw":-1.494056662520089,"rotationPitch":0,"rotationRoll":0}}}]}