{"name":"000012","timestamp":0,"index":12,"labels":[{"id":1,"category":"car","box3d":{"dimension":{"width":1.92,"length":4.19,"height":1.468628},"location":{"x":21.615138298868338,"y":-3.573534809739554,"z":1.1276623477216081},"orientation":{"rotationYaw":-1.5900000000000003,"rotationPitch":0,"rotationRoll":0}}},{"id":0,"category":"car","box3d":{"dimension":{"width":1.92,"length":4.09,"height":1.92},"location":{"x":16.602710245986948,"y":-6.33868375742881,"z":1.2283414451731942},"orientation":{"rotationYaw":-1.54479406198708,"rotationPitch":0,"rotationRoll":0}}}]}