{"name":"000046","timestamp":0,"index":46,"labels":[{"id":0,"category":"car","box3d":{"dimension":{"width":1.92,"length":4.09,"height":1.92},"location":{"x":10.36586894579135,"y":2.778953978266914,"z":1.3389363497369393},"orientation":{"rotationYaw":-1.5900000000000003,"rotationPitch":0,"rotationRoll":0}}},{"id":1,"category":"car","box3d":{"dimension":{"width":-1,"length":-1,"height":-1},"location":{"x":-15.581451860228002,"y":0.9726205817308662,"z":-1.108606},"orientation":{"rotationYaw":0,"rotationPitch":0,"rotationRoll":0}}}]}