{"name":"000023","timestamp":0,"index":23,"labels":[{"id":1,"category":"car","box3d":{"dimension":{"width":1.92,"length":4.19,"height":1.468628},"location":{"x":16.66744859458516,"y":-3.5735348097395545,"z":1.1276623477216214},"orientation":{"rotationYaw":-1.5900000000000003,"rotationPitch":0,"rotationRoll":0}}},{"id":0,"category":"car","box3d":{"dimension":{"width":1.92,"length":4.09,"height":1.92},"location":{"x":11.662404151356032,"y":-6.43795396755371,"z":1.1608738438868178},"orientation":{"rotationYaw":-1.54479406198708,"rotationPitch":0,"rotationRoll":0}}}]}