{"name":"000010","timestamp":0,"index":10,"labels":[{"id":0,"category":"car","box3d":{"dimension":{"width":1.92,"length":4.09,"height":1.92},"location":{"x":17.129770144219687,"y":-6.33868375742881,"z":1.267767694300614},"orientation":{"rotationYaw":-1.54479406198708,"rotationPitch":0,"rotationRoll":0}}},{"id":1,"category":"car","box3d":{"dimension":{"width":1.92,"length":4.19,"height":1.468628},"location":{"x":22.554870436433998,"y":-3.573534809739554,"z":1.1276623477216081},"orientation":{"rotationYaw":-1.59,"rotationPitch":0,"rotationRoll":0}}}]}