{"name":"000043","timestamp":0,"index":43,"labels":[{"id":1,"category":"car","box3d":{"dimension":{"width":1.92,"length":4.19,"height":1.468628},"location":{"x":7.819909220254128,"y":-3.752717539014994,"z":0.9990213100181775},"orientation":{"rotationYaw":-1.5900000000000003,"rotationPitch":0,"rotationRoll":0}}},{"id":0,"category":"car","box3d":{"dimension":{"width":1.92,"length":4.09,"height":1.92},"location":{"x":13.153892078068807,"y":2.928587913917666,"z":1.3389364993775255},"orientation":{"rotationYaw":-1.5900000000000003,"rotationPitch":0,"rotationRoll":0}}}]}