{"name":"000022","timestamp":0,"index":22,"labels":[{"id":1,"category":"car","box3d":{"dimension":{"width":1.92,"length":4.19,"height":1.468628},"location":{"x":17.098233739551763,"y":-3.54367102152698,"z":1.1276623775867336},"orientation":{"rotationYaw":-1.5900000000000003,"rotationPitch":0,"rotationRoll":0}}},{"id":0,"category":"car","box3d":{"dimension":{"width":1.92,"length":4.09,"height":1.92},"location":{"x":12.109895645434916,"y":-6.3717738274704425,"z":1.1974415106719358},"orientation":{"rotationYaw":-1.54479406198708,"rotationPitch":0,"rotationRoll":0}}}]}