{"name":"000021","timestamp":0,"index":21,"labels":[{"id":1,"category":"car","box3d":{"dimension":{"width":1.92,"length":4.19,"height":1.468628},"location":{"x":17.52901888451837,"y":-3.5138072333144055,"z":1.127662407451846},"orientation":{"rotationYaw":-1.5900000000000003,"rotationPitch":0,"rotationRoll":0}}},{"id":0,"category":"car","box3d":{"dimension":{"width":1.92,"length":4.09,"height":1.92},"location":{"x":12.557387139513802,"y":-6.305593687387175,"z":1.3017388302076682},"orientation":{"rotationYaw":-1.54479406198708,"rotationPitch":0,"rotationRoll":0}}}]}