{"name":"000016","timestamp":0,"index":16,"labels":[{"id":1,"category":"car","box3d":{"dimension":{"width":1.92,"length":4.19,"height":1.468628},"location":{"x":19.78042317314491,"y":-3.573534809739554,"z":1.1276623477216123},"orientation":{"rotationYaw":-1.5900000000000003,"rotationPitch":0,"rotationRoll":0}}},{"id":0,"category":"car","box3d":{"dimension":{"width":1.92,"length":4.09,"height":1.92},"location":{"x":14.735179077364373,"y":-6.3717738274704425,"z":1.1711788950816873},"orientation":{"rotationYaw":-1.54479406198708,"rotationPitch":0,"rotationRoll":0}}}]}