{"name":"000041","timestamp":0,"index":41,"labels":[{"id":1,"category":"car","box3d":{"dimension":{"width":2.25,"length":4.5546184,"height":1.709166},"location":{"x":15.439426028096957,"y":3.54829196333722,"z":1.4753944103911443},"orientation":{"rotationYaw":1.5551528023000407,"rotationPitch":0,"rotationRoll":0}}},{"id":0,"category":"car","box3d":{"dimension":{"width":2.46,"length":4.19,"height":1.81},"location":{"x":17.7748035932158,"y":-8.057690834972313,"z":1.261174196094132},"orientation":{"rotationYaw":-1.55,"rotationPitch":0,"rotationRoll":0}}}]}