{"name":"000047","timestamp":0,"index":47,"labels":[{"id":1,"category":"car","box3d":{"dimension":{"width":2.25,"length":4.5546184,"height":1.709166},"location":{"x":14.120860841163998,"y":3.527979000703947,"z":1.4753943900772786},"orientation":{"rotationYaw":1.5551528023000407,"rotationPitch":0,"rotationRoll":0}}},{"id":0,"category":"car","box3d":{"dimension":{"width":2.46,"length":4.19,"height":1.81},"location":{"x":16.508810629572277,"y":-8.102722763232016,"z":1.2611740838636962},"orientation":{"rotationYaw":-1.55,"rotationPitch":0,"rotationRoll":0}}}]}