{"name":"000045","timestamp":0,"index":45,"labels":[{"id":1,"category":"car","box3d":{"dimension":{"width":2.25,"length":4.5546184,"height":1.709166},"location":{"x":14.560382570141648,"y":3.527979000703947,"z":1.4753943900772788},"orientation":{"rotationYaw":1.5551528023000407,"rotationPitch":0,"rotationRoll":0}}},{"id":0,"category":"car","box3d":{"dimension":{"width":2.46,"length":4.19,"height":1.81},"location":{"x":16.93080828412012,"y":-8.08771212047878,"z":1.2611741212738414},"orientation":{"rotationYaw":-1.55,"rotationPitch":0,"rotationRoll":0}}}]}