{"name":"000011","timestamp":0,"index":11,"labels":[{"id":0,"category":"car","box3d":{"dimension":{"width":2.46,"length":4.19,"height":1.81},"location":{"x":10.861732751404238,"y":3.658975536083747,"z":1.2627725087338009},"orientation":{"rotationYaw":1.52,"rotationPitch":0,"rotationRoll":0}}},{"id":1,"category":"car","box3d":{"dimension":{"width":2.25,"length":4.5546184,"height":1.709166},"location":{"x":22.43256011248224,"y":1.4849266102526824,"z":1.4753923469340795},"orientation":{"rotationYaw":1.5551528023000407,"rotationPitch":0,"rotationRoll":0}}}]}