{"name":"000004","timestamp":0,"index":4,"labels":[{"id":0,"category":"car","box3d":{"dimension":{"width":2.46,"length":4.19,"height":1.81},"location":{"x":12.38229479961319,"y":2.8209207348710126,"z":1.2627716706417513},"orientation":{"rotationYaw":1.52,"rotationPitch":0,"rotationRoll":0}}},{"id":1,"category":"car","box3d":{"dimension":{"width":2.25,"length":4.5546184,"height":1.709166},"location":{"x":23.89527469146584,"y":0.1558240739543637,"z":1.4753910177724552},"orientation":{"rotationYaw":1.5551528023000407,"rotationPitch":0,"rotationRoll":0}}}]}