{"name":"000005","timestamp":0,"index":5,"labels":[{"id":0,"category":"car","box3d":{"dimension":{"width":2.46,"length":4.19,"height":1.81},"location":{"x":12.183960619412023,"y":2.9780560100984004,"z":1.2627718277840105},"orientation":{"rotationYaw":1.52,"rotationPitch":0,"rotationRoll":0}}},{"id":1,"category":"car","box3d":{"dimension":{"width":2.25,"length":4.5546184,"height":1.709166},"location":{"x":23.69694051126467,"y":0.3941459080492351,"z":1.475391256104884},"orientation":{"rotationYaw":1.5551528023000407,"rotationPitch":0,"rotationRoll":0}}}]}