{"name":"000048","timestamp":0,"index":48,"labels":[{"id":1,"category":"car","box3d":{"dimension":{"width":2.25,"length":4.5546184,"height":1.709166},"location":{"x":13.901099976675171,"y":3.527979000703947,"z":1.4753943900772786},"orientation":{"rotationYaw":1.5551528023000407,"rotationPitch":0,"rotationRoll":0}}},{"id":0,"category":"car","box3d":{"dimension":{"width":2.46,"length":4.19,"height":1.81},"location":{"x":16.326183872379353,"y":-8.170245076694417,"z":1.2611740163383889},"orientation":{"rotationYaw":-1.55,"rotationPitch":0,"rotationRoll":0}}}]}