{"name":"000022","timestamp":0,"index":22,"labels":[{"id":0,"category":"car","box3d":{"dimension":{"width":2.46,"length":4.19,"height":1.81},"location":{"x":8.0850542285879,"y":4.098954306720434,"z":1.2627729487321333},"orientation":{"rotationYaw":1.52,"rotationPitch":0,"rotationRoll":0}}},{"id":1,"category":"car","box3d":{"dimension":{"width":2.25,"length":4.5546184,"height":1.709166},"location":{"x":19.66414551384094,"y":2.9790211855397573,"z":1.4753938410950773},"orientation":{"rotationYaw":1.5551528023000407,"rotationPitch":0,"rotationRoll":0}}}]}