{"name":"000006","timestamp":0,"index":6,"labels":[{"id":0,"category":"car","box3d":{"dimension":{"width":2.46,"length":4.19,"height":1.81},"location":{"x":11.985626439210856,"y":3.1351912853257895,"z":1.2627719849262702},"orientation":{"rotationYaw":1.52,"rotationPitch":0,"rotationRoll":0}}},{"id":1,"category":"car","box3d":{"dimension":{"width":2.25,"length":4.5546184,"height":1.709166},"location":{"x":23.498606331063506,"y":0.6324677421441067,"z":1.4753914944373132},"orientation":{"rotationYaw":1.5551528023000407,"rotationPitch":0,"rotationRoll":0}}}]}