{"name":"000039","timestamp":0,"index":39,"labels":[{"id":1,"category":"car","box3d":{"dimension":{"width":2.25,"length":4.5546184,"height":1.709166},"location":{"x":15.878947757074615,"y":3.588917888603766,"z":1.4753944510188752},"orientation":{"rotationYaw":1.5551528023000407,"rotationPitch":0,"rotationRoll":0}}},{"id":0,"category":"car","box3d":{"dimension":{"width":2.46,"length":4.19,"height":1.81},"location":{"x":18.19680124776364,"y":-8.042680192219077,"z":1.2611742335042773},"orientation":{"rotationYaw":-1.55,"rotationPitch":0,"rotationRoll":0}}}]}