{"name":"000043","timestamp":0,"index":43,"labels":[{"id":1,"category":"car","box3d":{"dimension":{"width":2.25,"length":4.5546184,"height":1.709166},"location":{"x":14.9999042991193,"y":3.527979000703947,"z":1.475394390077279},"orientation":{"rotationYaw":1.5551528023000407,"rotationPitch":0,"rotationRoll":0}}},{"id":0,"category":"car","box3d":{"dimension":{"width":2.46,"length":4.19,"height":1.81},"location":{"x":17.35280593866796,"y":-8.072701477725547,"z":1.2611741586839869},"orientation":{"rotationYaw":-1.55,"rotationPitch":0,"rotationRoll":0}}}]}