{"name":"000040","timestamp":0,"index":40,"labels":[{"id":1,"category":"car","box3d":{"dimension":{"width":1.8639094,"length":4.5773845,"height":1.5238023},"location":{"x":22.53530348393814,"y":-7.4681672629906295,"z":1.583345422588187},"orientation":{"rotationYaw":-1.5462691329051392,"rotationPitch":0,"rotationRoll":0}}},{"id":2,"category":"car","box3d":{"dimension":{"width":2.0069757,"length":4.9352946,"height":2.0241685},"location":{"x":29.180829635732422,"y":-6.704346745113672,"z":2.00789128099427},"orientation":{"rotationYaw":-1.5473398160927907,"rotationPitch":0,"rotationRoll":0}}}]}