{"name":"000035","timestamp":0,"index":35,"labels":[{"id":1,"category":"car","box3d":{"dimension":{"width":1.8639094,"length":4.5773845,"height":1.5238023},"location":{"x":24.908720820417493,"y":-7.419416152670776,"z":1.5833454713414632},"orientation":{"rotationYaw":-1.546269132905139,"rotationPitch":0,"rotationRoll":0}}},{"id":2,"category":"car","box3d":{"dimension":{"width":2.0069757,"length":4.9352946,"height":2.0241685},"location":{"x":31.51578882092622,"y":-6.887163408813123,"z":2.00789109816948},"orientation":{"rotationYaw":-1.5473398160927907,"rotationPitch":0,"rotationRoll":0}}}]}