{"name":"000023","timestamp":0,"index":23,"labels":[{"id":0,"category":"car","box3d":{"dimension":{"width":1.8608576,"length":4.580436,"height":1.5485826},"location":{"x":16.499279176266608,"y":4.687444071814321,"z":1.16326381391945},"orientation":{"rotationYaw":1.5978257591330571,"rotationPitch":0,"rotationRoll":0}}},{"id":1,"category":"car","box3d":{"dimension":{"width":1.8639094,"length":4.5773845,"height":1.5238023},"location":{"x":25.89764471061722,"y":-7.297538376871141,"z":1.5833455932246563},"orientation":{"rotationYaw":-1.5462691329051392,"rotationPitch":0,"rotationRoll":0}}}]}