{"name":"000030","timestamp":0,"index":30,"labels":[{"id":0,"category":"car","box3d":{"dimension":{"width":1.8608576,"length":4.580436,"height":1.5485826},"location":{"x":8.674827159875063,"y":4.537810136163569,"z":1.1632636642788523},"orientation":{"rotationYaw":1.5978257591330571,"rotationPitch":0,"rotationRoll":0}}},{"id":1,"category":"car","box3d":{"dimension":{"width":1.8639094,"length":4.5773845,"height":1.5238023},"location":{"x":25.89764471061722,"y":-7.297538376871141,"z":1.5833455932246563},"orientation":{"rotationYaw":-1.5462691329051392,"rotationPitch":0,"rotationRoll":0}}}]}