{"name":"000013","timestamp":0,"index":13,"labels":[{"id":0,"category":"car","box3d":{"dimension":{"width":1.92,"length":4.578483,"height":1.5479722},"location":{"x":7.77487665005825,"y":4.565558850796749,"z":1.20287818729161},"orientation":{"rotationYaw":1.6036354411611,"rotationPitch":0,"rotationRoll":0}}},{"id":1,"category":"car","box3d":{"dimension":{"width":1.8639094,"length":4.5773845,"height":1.5238023},"location":{"x":25.89764471061722,"y":-7.297538376871141,"z":1.5833455932246563},"orientation":{"rotationYaw":-1.5462691329051392,"rotationPitch":0,"rotationRoll":0}}}]}