{"name":"000049","timestamp":0,"index":49,"labels":[{"id":1,"category":"car","box3d":{"dimension":{"width":1.8639094,"length":4.5773845,"height":1.5238023},"location":{"x":18.53565575024146,"y":-7.541293928470413,"z":1.5833453494582714},"orientation":{"rotationYaw":-1.5462691329051392,"rotationPitch":0,"rotationRoll":0}}},{"id":2,"category":"car","box3d":{"dimension":{"width":2.0069757,"length":4.9352946,"height":2.0241685},"location":{"x":25.197663966872405,"y":-6.521530081414221,"z":2.0078914638190595},"orientation":{"rotationYaw":-1.5473398160927907,"rotationPitch":0,"rotationRoll":0}}}]}