{"name":"000043","timestamp":0,"index":43,"labels":[{"id":1,"category":"car","box3d":{"dimension":{"width":1.8639094,"length":4.5773845,"height":1.5238023},"location":{"x":21.1727861241074,"y":-7.460042077937321,"z":1.5833454307137336},"orientation":{"rotationYaw":-1.5462691329051392,"rotationPitch":0,"rotationRoll":0}}},{"id":2,"category":"car","box3d":{"dimension":{"width":2.0069757,"length":4.9352946,"height":2.0241685},"location":{"x":27.834794340738352,"y":-6.643407857213855,"z":2.0078913419358666},"orientation":{"rotationYaw":-1.5473398160927907,"rotationPitch":0,"rotationRoll":0}}}]}