{"name":"000037","timestamp":0,"index":37,"labels":[{"id":1,"category":"car","box3d":{"dimension":{"width":1.8639094,"length":4.5773845,"height":1.5238023},"location":{"x":23.919796930217768,"y":-7.54129392847041,"z":1.5833453494582703},"orientation":{"rotationYaw":-1.5462691329051392,"rotationPitch":0,"rotationRoll":0}}},{"id":2,"category":"car","box3d":{"dimension":{"width":2.0069757,"length":4.9352946,"height":2.0241685},"location":{"x":30.58180514684869,"y":-6.887163408813123,"z":2.00789109816948},"orientation":{"rotationYaw":-1.5473398160927907,"rotationPitch":0,"rotationRoll":0}}}]}