{"name":"000001","timestamp":0,"index":1,"labels":[{"id":5,"category":"pedestrian","box3d":{"dimension":{"width":0.68512046,"length":0.80888224,"height":1.5484079},"location":{"x":10.476050573734978,"y":-5.275625917571871,"z":0.9087002755160294},"orientation":{"rotationYaw":0.8290843969363579,"rotationPitch":0,"rotationRoll":0}}},{"id":1,"category":"car","box3d":{"dimension":{"width":1.9080988,"length":4.84,"height":1.6172471},"location":{"x":13.546705435070113,"y":-4.732963232954531,"z":1.1314149060949672},"orientation":{"rotationYaw":-0.24,"rotationPitch":0,"rotationRoll":0}}},{"id":3,"category":"pedestrian","box3d":{"dimension":{"width":0.70037925,"length":0.7781205,"height":1.7368845},"location":{"x":16.92466921648622,"y":3.7883074342377174,"z":1.3156274193037045},"orientation":{"rotationYaw":1.622945193496847,"rotationPitch":0,"rotationRoll":0}}}]}