{"name":"000016","timestamp":0,"index":16,"labels":[{"id":1,"category":"car","box3d":{"dimension":{"width":1.9080988,"length":4.84,"height":1.6172471},"location":{"x":9.263530460951696,"y":-5.251173823728949,"z":1.1314143878613583},"orientation":{"rotationYaw":-0.24000000000000002,"rotationPitch":0,"rotationRoll":0}}},{"id":3,"category":"pedestrian","box3d":{"dimension":{"width":0.70037925,"length":0.7781205,"height":1.7368845},"location":{"x":13.1209596789116,"y":3.439475065143124,"z":1.3156270704558302},"orientation":{"rotationYaw":1.6229451934968473,"rotationPitch":0,"rotationRoll":0}}}]}