{"name":"000004","timestamp":0,"index":4,"labels":[{"id":5,"category":"pedestrian","box3d":{"dimension":{"width":0.68512046,"length":0.80888224,"height":1.5484079},"location":{"x":9.50257270915165,"y":-5.236001423060048,"z":0.9087003151422853},"orientation":{"rotationYaw":0.8290843969363579,"rotationPitch":0,"rotationRoll":0}}},{"id":1,"category":"car","box3d":{"dimension":{"width":1.9080988,"length":4.84,"height":1.6172471},"location":{"x":12.47498668507011,"y":-4.871648963745912,"z":1.1314147674030752},"orientation":{"rotationYaw":-0.24000000000000002,"rotationPitch":0,"rotationRoll":0}}},{"id":3,"category":"pedestrian","box3d":{"dimension":{"width":0.70037925,"length":0.7781205,"height":1.7368845},"location":{"x":16.153578463893847,"y":3.638632972729394,"z":1.3156272696225904},"orientation":{"rotationYaw":1.6229451934968473,"rotationPitch":0,"rotationRoll":0}}}]}