{"name":"000003","timestamp":0,"index":3,"labels":[{"id":5,"category":"pedestrian","box3d":{"dimension":{"width":0.68512046,"length":0.80888224,"height":1.5484079},"location":{"x":9.797295365401647,"y":-5.236001423060048,"z":0.9087003151422853},"orientation":{"rotationYaw":0.8290843969363579,"rotationPitch":0,"rotationRoll":0}}},{"id":1,"category":"car","box3d":{"dimension":{"width":1.9080988,"length":4.84,"height":1.6172471},"location":{"x":12.760778351736779,"y":-4.891461211001824,"z":1.131414747589945},"orientation":{"rotationYaw":-0.24000000000000002,"rotationPitch":0,"rotationRoll":0}}},{"id":3,"category":"pedestrian","box3d":{"dimension":{"width":0.70037925,"length":0.7781205,"height":1.7368845},"location":{"x":16.384905689671562,"y":3.7027791705186752,"z":1.3156273337716393},"orientation":{"rotationYaw":1.6229451934968473,"rotationPitch":0,"rotationRoll":0}}}]}