{"name":"000005","timestamp":0,"index":5,"labels":[{"id":5,"category":"pedestrian","box3d":{"dimension":{"width":0.68512046,"length":0.80888224,"height":1.5484079},"location":{"x":9.207850052901652,"y":-5.236001423060048,"z":0.9087003151422853},"orientation":{"rotationYaw":0.8290843969363579,"rotationPitch":0,"rotationRoll":0}}},{"id":1,"category":"car","box3d":{"dimension":{"width":1.9080988,"length":4.84,"height":1.6172471},"location":{"x":12.189195018403444,"y":-4.85183671649,"z":1.1314147872162053},"orientation":{"rotationYaw":-0.24000000000000002,"rotationPitch":0,"rotationRoll":0}}},{"id":3,"category":"pedestrian","box3d":{"dimension":{"width":0.70037925,"length":0.7781205,"height":1.7368845},"location":{"x":15.922251238116136,"y":3.5744867749401124,"z":1.3156272054735414},"orientation":{"rotationYaw":1.6229451934968473,"rotationPitch":0,"rotationRoll":0}}}]}