{"name":"000008","timestamp":0,"index":8,"labels":[{"id":1,"category":"car","box3d":{"dimension":{"width":1.9080988,"length":4.84,"height":1.6172471},"location":{"x":11.403403351736774,"y":-4.970672649476652,"z":1.1314146683749966},"orientation":{"rotationYaw":-0.24000000000000002,"rotationPitch":0,"rotationRoll":0}}},{"id":3,"category":"pedestrian","box3d":{"dimension":{"width":0.70037925,"length":0.7781205,"height":1.7368845},"location":{"x":15.141521851116352,"y":3.414121280466909,"z":1.3156270451009187},"orientation":{"rotationYaw":1.6229451934968473,"rotationPitch":0,"rotationRoll":0}}}]}