{"name":"000002","timestamp":0,"index":2,"labels":[{"id":5,"category":"pedestrian","box3d":{"dimension":{"width":0.68512046,"length":0.80888224,"height":1.5484079},"location":{"x":10.136672969568313,"y":-5.255813670315959,"z":0.9087002953291574},"orientation":{"rotationYaw":0.8290843969363579,"rotationPitch":0,"rotationRoll":0}}},{"id":1,"category":"car","box3d":{"dimension":{"width":1.9080988,"length":4.84,"height":1.6172471},"location":{"x":13.153741893403446,"y":-4.812212221978178,"z":1.131414826842456},"orientation":{"rotationYaw":-0.24000000000000002,"rotationPitch":0,"rotationRoll":0}}},{"id":3,"category":"pedestrian","box3d":{"dimension":{"width":0.70037925,"length":0.7781205,"height":1.7368845},"location":{"x":16.654787453078892,"y":3.7455433023781963,"z":1.315627376537672},"orientation":{"rotationYaw":1.6229451934968473,"rotationPitch":0,"rotationRoll":0}}}]}