{"name":"000000","timestamp":0,"index":0,"labels":[{"id":1,"category":"car","box3d":{"dimension":{"width":1.9080988,"length":4.84,"height":1.6172471},"location":{"x":13.93966897673678,"y":-4.653714243930885,"z":1.1314149853474782},"orientation":{"rotationYaw":-0.24,"rotationPitch":0,"rotationRoll":0}}},{"id":3,"category":"pedestrian","box3d":{"dimension":{"width":0.70037925,"length":0.7781205,"height":1.7368845},"location":{"x":17.19455097989355,"y":3.8310715660972385,"z":1.3156274620697372},"orientation":{"rotationYaw":1.622945193496847,"rotationPitch":0,"rotationRoll":0}}},{"id":5,"category":"pedestrian","box3d":{"dimension":{"width":0.68512046,"length":0.80888224,"height":1.5484079},"location":{"x":10.815428177901644,"y":-5.2954381648277815,"z":0.9087002557029015},"orientation":{"rotationYaw":0.8290843969363579,"rotationPitch":0,"rotationRoll":0}}}]}