{"name":"000023","timestamp":0,"index":23,"labels":[{"id":1,"category":"car","box3d":{"dimension":{"width":1.9080988,"length":4.84,"height":1.6172471},"location":{"x":7.421923966219465,"y":-5.6199916081542485,"z":1.1314140190271755},"orientation":{"rotationYaw":-0.24000000000000002,"rotationPitch":0,"rotationRoll":0}}},{"id":3,"category":"pedestrian","box3d":{"dimension":{"width":0.70037925,"length":0.7781205,"height":1.7368845},"location":{"x":11.236784967000519,"y":3.4394750651431263,"z":1.31562707045583},"orientation":{"rotationYaw":1.6229451934968473,"rotationPitch":0,"rotationRoll":0}}}]}