{"name":"000035","timestamp":0,"index":35,"labels":[{"id":2,"category":"car","box3d":{"dimension":{"width":2.25,"length":4.4389567,"height":1.5690904},"location":{"x":13.357871003737863,"y":-4.655448594941065,"z":1.1778408870821393},"orientation":{"rotationYaw":-1.5482069700287353,"rotationPitch":0,"rotationRoll":0}}},{"id":0,"category":"car","box3d":{"dimension":{"width":2.25,"length":4.5200000000000005,"height":1.6},"location":{"x":19.190125563902313,"y":-4.596369872821239,"z":1.2324407013474},"orientation":{"rotationYaw":-1.55,"rotationPitch":0,"rotationRoll":0}}}]}