{"name":"000016","timestamp":0,"index":16,"labels":[{"id":0,"category":"car","box3d":{"dimension":{"width":2.25,"length":4.5200000000000005,"height":1.6},"location":{"x":14.289829823537314,"y":7.207143175408358,"z":1.319676095728677},"orientation":{"rotationYaw":1.6073278129265054,"rotationPitch":0,"rotationRoll":0}}},{"id":2,"category":"car","box3d":{"dimension":{"width":2.25,"length":4.4389567,"height":1.5690904},"location":{"x":18.16712672602897,"y":-4.504557647114573,"z":1.2782058350253016},"orientation":{"rotationYaw":-1.5482069700287353,"rotationPitch":0,"rotationRoll":0}}}]}