{"name":"000001","timestamp":0,"index":1,"labels":[{"id":4,"category":"car","box3d":{"dimension":{"width":1.8506037,"length":4.557853,"height":1.3800000000000001},"location":{"x":10.00260612967786,"y":-4.357820299534295,"z":0.9620697608286946},"orientation":{"rotationYaw":-1.5614857025365225,"rotationPitch":0,"rotationRoll":0}}},{"id":0,"category":"car","box3d":{"dimension":{"width":2.25,"length":4.5200000000000005,"height":1.6},"location":{"x":18.23606219019582,"y":7.041343800726091,"z":1.3196759299219343},"orientation":{"rotationYaw":1.6073278129265052,"rotationPitch":0,"rotationRoll":0}}},{"id":2,"category":"car","box3d":{"dimension":{"width":2.25,"length":4.4389567,"height":1.5690904},"location":{"x":22.254295962925234,"y":-4.355338209900226,"z":1.3410332150225297},"orientation":{"rotationYaw":-1.548206970028735,"rotationPitch":0,"rotationRoll":0}}}]}