{"name":"000037","timestamp":0,"index":37,"labels":[{"id":2,"category":"car","box3d":{"dimension":{"width":2.25,"length":4.4389567,"height":1.5690904},"location":{"x":12.904412956404597,"y":-4.781190861099273,"z":1.1778407613342836},"orientation":{"rotationYaw":-1.5482069700287353,"rotationPitch":0,"rotationRoll":0}}},{"id":0,"category":"car","box3d":{"dimension":{"width":2.25,"length":4.5200000000000005,"height":1.6},"location":{"x":18.679985260652384,"y":-4.671815232516164,"z":1.2324406258986895},"orientation":{"rotationYaw":-1.55,"rotationPitch":0,"rotationRoll":0}}}]}