{"name":"000032","timestamp":0,"index":32,"labels":[{"id":2,"category":"car","box3d":{"dimension":{"width":2.25,"length":4.4389567,"height":1.5690904},"location":{"x":14.123081458612749,"y":-4.466835195703746,"z":1.1778410757039215},"orientation":{"rotationYaw":-1.5482069700287353,"rotationPitch":0,"rotationRoll":0}}},{"id":0,"category":"car","box3d":{"dimension":{"width":2.25,"length":4.5200000000000005,"height":1.6},"location":{"x":19.955336018777206,"y":-4.483201833278853,"z":1.2324408145204653},"orientation":{"rotationYaw":-1.55,"rotationPitch":0,"rotationRoll":0}}}]}