{"name":"000038","timestamp":0,"index":38,"labels":[{"id":2,"category":"car","box3d":{"dimension":{"width":2.25,"length":4.4389567,"height":1.5690904},"location":{"x":12.677683932737963,"y":-4.844061994178377,"z":1.1778406984603558},"orientation":{"rotationYaw":-1.5482069700287353,"rotationPitch":0,"rotationRoll":0}}},{"id":0,"category":"car","box3d":{"dimension":{"width":2.25,"length":4.5200000000000005,"height":1.6},"location":{"x":18.407910432252425,"y":-4.747260592211089,"z":1.2324405504499765},"orientation":{"rotationYaw":-1.564,"rotationPitch":0,"rotationRoll":0}}}]}