{"name":"000046","timestamp":0,"index":46,"labels":[{"id":2,"category":"car","box3d":{"dimension":{"width":2.25,"length":4.4389567,"height":1.5690904},"location":{"x":10.410393696071614,"y":-5.47277332496952,"z":1.1778401640319707},"orientation":{"rotationYaw":-1.6200000000000003,"rotationPitch":0,"rotationRoll":0}}},{"id":0,"category":"car","box3d":{"dimension":{"width":2.25,"length":4.5200000000000005,"height":1.6},"location":{"x":16.18596600031941,"y":-5.740624494860933,"z":1.2324395570419222},"orientation":{"rotationYaw":-1.6200000000000003,"rotationPitch":0,"rotationRoll":0}}}]}