{"name":"000023","timestamp":0,"index":23,"labels":[{"id":0,"category":"car","box3d":{"dimension":{"width":2.25,"length":4.5200000000000005,"height":1.6},"location":{"x":12.49608783869256,"y":7.207143175408364,"z":1.3196760957286775},"orientation":{"rotationYaw":1.6073278129265054,"rotationPitch":0,"rotationRoll":0}}},{"id":2,"category":"car","box3d":{"dimension":{"width":2.25,"length":4.4389567,"height":1.5690904},"location":{"x":16.4406500656159,"y":-4.230988678888898,"z":1.1685394272422782},"orientation":{"rotationYaw":-1.5482069700287353,"rotationPitch":0,"rotationRoll":0}}}]}