{"name":"000040","timestamp":0,"index":40,"labels":[{"id":2,"category":"car","box3d":{"dimension":{"width":2.25,"length":4.4389567,"height":1.5690904},"location":{"x":11.940814605821396,"y":-4.9069331272575445,"z":1.1778406984603567},"orientation":{"rotationYaw":-1.5960689900095786,"rotationPitch":0,"rotationRoll":0}}},{"id":0,"category":"car","box3d":{"dimension":{"width":2.25,"length":4.5200000000000005,"height":1.6},"location":{"x":17.863760775452505,"y":-4.898151311600939,"z":1.2324403995525506},"orientation":{"rotationYaw":-1.592,"rotationPitch":0,"rotationRoll":0}}}]}