{"name":"000033","timestamp":0,"index":33,"labels":[{"id":2,"category":"car","box3d":{"dimension":{"width":2.25,"length":4.4389567,"height":1.5690904},"location":{"x":13.868011306987787,"y":-4.5297063287828525,"z":1.177841012829994},"orientation":{"rotationYaw":-1.5482069700287353,"rotationPitch":0,"rotationRoll":0}}},{"id":0,"category":"car","box3d":{"dimension":{"width":2.25,"length":4.5200000000000005,"height":1.6},"location":{"x":19.700265867152243,"y":-4.520924513126316,"z":1.23244077679611},"orientation":{"rotationYaw":-1.55,"rotationPitch":0,"rotationRoll":0}}}]}