{"name":"000036","timestamp":0,"index":36,"labels":[{"id":2,"category":"car","box3d":{"dimension":{"width":2.25,"length":4.4389567,"height":1.5690904},"location":{"x":13.131141980071229,"y":-4.718319728020169,"z":1.1778408242082115},"orientation":{"rotationYaw":-1.5482069700287353,"rotationPitch":0,"rotationRoll":0}}},{"id":0,"category":"car","box3d":{"dimension":{"width":2.25,"length":4.5200000000000005,"height":1.6},"location":{"x":18.935055412277347,"y":-4.634092552668702,"z":1.2324406636230447},"orientation":{"rotationYaw":-1.55,"rotationPitch":0,"rotationRoll":0}}}]}