{"name":"000039","timestamp":0,"index":39,"labels":[{"id":2,"category":"car","box3d":{"dimension":{"width":2.25,"length":4.4389567,"height":1.5690904},"location":{"x":12.30924926927968,"y":-4.87549756071796,"z":1.1778406984603562},"orientation":{"rotationYaw":-1.5721379800191568,"rotationPitch":0,"rotationRoll":0}}},{"id":0,"category":"car","box3d":{"dimension":{"width":2.25,"length":4.5200000000000005,"height":1.6},"location":{"x":18.135835603852463,"y":-4.822705951906014,"z":1.2324404750012634},"orientation":{"rotationYaw":-1.578,"rotationPitch":0,"rotationRoll":0}}}]}