{"name":"000042","timestamp":0,"index":42,"labels":[{"id":2,"category":"car","box3d":{"dimension":{"width":2.25,"length":4.4389567,"height":1.5690904},"location":{"x":11.444844866550632,"y":-5.032675393415788,"z":1.1778406041494647},"orientation":{"rotationYaw":-1.62,"rotationPitch":0,"rotationRoll":0}}},{"id":0,"category":"car","box3d":{"dimension":{"width":2.25,"length":4.5200000000000005,"height":1.6},"location":{"x":17.319611118652585,"y":-5.049042030990789,"z":1.2324402486551245},"orientation":{"rotationYaw":-1.62,"rotationPitch":0,"rotationRoll":0}}}]}