{"name":"000034","timestamp":0,"index":34,"labels":[{"id":2,"category":"car","box3d":{"dimension":{"width":2.25,"length":4.4389567,"height":1.5690904},"location":{"x":13.612941155362824,"y":-4.592577461861959,"z":1.1778409499560667},"orientation":{"rotationYaw":-1.5482069700287353,"rotationPitch":0,"rotationRoll":0}}},{"id":0,"category":"car","box3d":{"dimension":{"width":2.25,"length":4.5200000000000005,"height":1.6},"location":{"x":19.445195715527277,"y":-4.558647192973778,"z":1.2324407390717549},"orientation":{"rotationYaw":-1.55,"rotationPitch":0,"rotationRoll":0}}}]}