{"name":"000013","timestamp":0,"index":13,"labels":[{"id":0,"category":"car","box3d":{"dimension":{"width":2.25,"length":4.5200000000000005,"height":1.6},"location":{"x":15.097013716717457,"y":7.306622800217726,"z":1.319676195212724},"orientation":{"rotationYaw":1.6073278129265054,"rotationPitch":0,"rotationRoll":0}}},{"id":2,"category":"car","box3d":{"dimension":{"width":2.25,"length":4.4389567,"height":1.5690904},"location":{"x":18.974310619209113,"y":-4.45481783470979,"z":1.2736066606379557},"orientation":{"rotationYaw":-1.5482069700287353,"rotationPitch":0,"rotationRoll":0}}}]}