{"name":"000006","timestamp":0,"index":6,"labels":[{"id":4,"category":"car","box3d":{"dimension":{"width":1.8506037,"length":4.557853,"height":1.3800000000000001},"location":{"x":8.565106129677856,"y":-4.40403635961515,"z":0.9620697146105801},"orientation":{"rotationYaw":-1.5614857025365225,"rotationPitch":0,"rotationRoll":0}}},{"id":0,"category":"car","box3d":{"dimension":{"width":2.25,"length":4.5200000000000005,"height":1.6},"location":{"x":17.00535588392733,"y":7.0966102589535165,"z":1.3196759851908477},"orientation":{"rotationYaw":1.6073278129265054,"rotationPitch":0,"rotationRoll":0}}},{"id":2,"category":"car","box3d":{"dimension":{"width":2.25,"length":4.4389567,"height":1.5690904},"location":{"x":20.86628133179537,"y":-4.355338209900226,"z":1.3410332150225297},"orientation":{"rotationYaw":-1.5482069700287353,"rotationPitch":0,"rotationRoll":0}}}]}