{"name":"000043","timestamp":0,"index":43,"labels":[{"id":2,"category":"car","box3d":{"dimension":{"width":2.25,"length":4.4389567,"height":1.5690904},"location":{"x":11.31730979073815,"y":-5.126982093034448,"z":1.1778405098385722},"orientation":{"rotationYaw":-1.6200000000000003,"rotationPitch":0,"rotationRoll":0}}},{"id":0,"category":"car","box3d":{"dimension":{"width":2.25,"length":4.5200000000000005,"height":1.6},"location":{"x":17.03619983906929,"y":-5.2376554302281,"z":1.232440060033342},"orientation":{"rotationYaw":-1.62,"rotationPitch":0,"rotationRoll":0}}}]}