{"name":"000017","timestamp":0,"index":17,"labels":[{"id":0,"category":"car","box3d":{"dimension":{"width":2.25,"length":4.5200000000000005,"height":1.6},"location":{"x":14.028242450747454,"y":7.248593019078928,"z":1.3196761371803634},"orientation":{"rotationYaw":1.6073278129265054,"rotationPitch":0,"rotationRoll":0}}},{"id":2,"category":"car","box3d":{"dimension":{"width":2.25,"length":4.4389567,"height":1.5690904},"location":{"x":17.898065428302257,"y":-4.521137584582833,"z":1.2165532273459079},"orientation":{"rotationYaw":-1.5482069700287353,"rotationPitch":0,"rotationRoll":0}}}]}