{"name":"000025","timestamp":0,"index":25,"labels":[{"id":0,"category":"car","box3d":{"dimension":{"width":2.25,"length":4.5200000000000005,"height":1.6},"location":{"x":11.898173843744297,"y":7.372942550090643,"z":1.319676261535417},"orientation":{"rotationYaw":1.6073278129265054,"rotationPitch":0,"rotationRoll":0}}},{"id":2,"category":"car","box3d":{"dimension":{"width":2.25,"length":4.4389567,"height":1.5690904},"location":{"x":15.917475320036178,"y":-4.313888366230117,"z":1.1620446704825025},"orientation":{"rotationYaw":-1.5482069700287353,"rotationPitch":0,"rotationRoll":0}}}]}