{"name":"000041","timestamp":0,"index":41,"labels":[{"id":2,"category":"car","box3d":{"dimension":{"width":2.25,"length":4.4389567,"height":1.5690904},"location":{"x":11.572379942363114,"y":-4.938368693797128,"z":1.177840698460357},"orientation":{"rotationYaw":-1.62,"rotationPitch":0,"rotationRoll":0}}},{"id":0,"category":"car","box3d":{"dimension":{"width":2.25,"length":4.5200000000000005,"height":1.6},"location":{"x":17.591685947052543,"y":-4.973596671295864,"z":1.2324403241038375},"orientation":{"rotationYaw":-1.606,"rotationPitch":0,"rotationRoll":0}}}]}