{"name":"000000","timestamp":0,"index":0,"labels":[{"id":0,"category":"car","box3d":{"dimension":{"width":2.25,"length":5.2443767,"height":2.167479},"location":{"x":17.22528017192158,"y":3.571575635345567,"z":1.5331136719155884},"orientation":{"rotationYaw":1.55,"rotationPitch":0,"rotationRoll":0}}},{"id":1,"category":"truck","box3d":{"dimension":{"width":3.22,"length":9.38,"height":3.6309931},"location":{"x":26.14866348021156,"y":-3.660155164872144,"z":2.606427898590561},"orientation":{"rotationYaw":-1.59,"rotationPitch":0,"rotationRoll":0}}}]}