{"name":"000003","timestamp":0,"index":3,"labels":[{"id":1,"category":"truck","box3d":{"dimension":{"width":3.22,"length":9.38,"height":3.6309931},"location":{"x":24.691248117525195,"y":-3.6601551648721316,"z":2.606427886155055},"orientation":{"rotationYaw":-1.59,"rotationPitch":0,"rotationRoll":0}}},{"id":0,"category":"car","box3d":{"dimension":{"width":2.25,"length":5.2443767,"height":2.167479},"location":{"x":14.225475696378924,"y":3.5440769621807746,"z":1.5331136444156928},"orientation":{"rotationYaw":1.55,"rotationPitch":0,"rotationRoll":0}}}]}