{"name":"000002","timestamp":0,"index":2,"labels":[{"id":1,"category":"truck","box3d":{"dimension":{"width":3.22,"length":9.38,"height":3.6309931},"location":{"x":25.177053238420648,"y":-3.6601551648721355,"z":2.606427890300224},"orientation":{"rotationYaw":-1.59,"rotationPitch":0,"rotationRoll":0}}},{"id":0,"category":"car","box3d":{"dimension":{"width":2.25,"length":5.2443767,"height":2.167479},"location":{"x":15.225410521559809,"y":3.5532431865690386,"z":1.5331136535823247},"orientation":{"rotationYaw":1.55,"rotationPitch":0,"rotationRoll":0}}}]}