{"name":"000012","timestamp":0,"index":12,"labels":[{"id":1,"category":"truck","box3d":{"dimension":{"width":3.22,"length":9.38,"height":3.6309931},"location":{"x":20.31900202946609,"y":-3.6601551648720942,"z":2.6064278488485373},"orientation":{"rotationYaw":-1.59,"rotationPitch":0,"rotationRoll":0}}},{"id":0,"category":"car","box3d":{"dimension":{"width":2.25,"length":5.2443767,"height":2.167479},"location":{"x":5.22606226975096,"y":3.4615809426863966,"z":1.533113561916006},"orientation":{"rotationYaw":1.55,"rotationPitch":0,"rotationRoll":0}}}]}