{"name":"000036","timestamp":0,"index":36,"labels":[{"id":0,"category":"car","box3d":{"dimension":{"width":2.46,"length":4.5583415,"height":1.542357},"location":{"x":13.336265492411004,"y":2.9867244888903395,"z":0.9334592248255132},"orientation":{"rotationYaw":1.590443088759253,"rotationPitch":0,"rotationRoll":0}}},{"id":3,"category":"truck","box3d":{"dimension":{"width":2.79,"length":9.6,"height":3.5411494},"location":{"x":28.427791185862176,"y":-2.884387559181737,"z":2.6910358920971293},"orientation":{"rotationYaw":1.600661645699082,"rotationPitch":0,"rotationRoll":0}}}]}