{"name":"000042","timestamp":0,"index":42,"labels":[{"id":0,"category":"car","box3d":{"dimension":{"width":2.46,"length":4.5583415,"height":1.542357},"location":{"x":8.069535648078977,"y":3.2710289666267673,"z":0.9334595091426291},"orientation":{"rotationYaw":1.590443088759253,"rotationPitch":0,"rotationRoll":0}}},{"id":3,"category":"truck","box3d":{"dimension":{"width":2.79,"length":9.6,"height":3.5411494},"location":{"x":25.402006835075994,"y":-2.829390212852153,"z":2.6910359470969203},"orientation":{"rotationYaw":1.600661645699082,"rotationPitch":0,"rotationRoll":0}}}]}