{"name":"000044","timestamp":0,"index":44,"labels":[{"id":0,"category":"car","box3d":{"dimension":{"width":2.46,"length":4.698356,"height":1.7927537},"location":{"x":20.06494478788295,"y":3.2111369102739356,"z":1.2838605851187221},"orientation":{"rotationYaw":1.5994051293899514,"rotationPitch":0,"rotationRoll":0}}},{"id":3,"category":"truck","box3d":{"dimension":{"width":2.79,"length":9.6,"height":3.5411494},"location":{"x":24.410335934070158,"y":-2.7743928665225677,"z":2.3553760037934564},"orientation":{"rotationYaw":1.600661645699082,"rotationPitch":0,"rotationRoll":0}}}]}