{"name":"000049","timestamp":0,"index":49,"labels":[{"id":0,"category":"car","box3d":{"dimension":{"width":2.46,"length":4.698356,"height":1.7927537},"location":{"x":15.304924463054935,"y":3.2111369102739356,"z":1.4985486738120564},"orientation":{"rotationYaw":1.5994051293899514,"rotationPitch":0,"rotationRoll":0}}},{"id":3,"category":"truck","box3d":{"dimension":{"width":2.79,"length":9.6,"height":3.5411494},"location":{"x":22.22865995185731,"y":-2.884387559181738,"z":2.2031224693308555},"orientation":{"rotationYaw":1.600661645699082,"rotationPitch":0,"rotationRoll":0}}}]}