{"name":"000045","timestamp":0,"index":45,"labels":[{"id":0,"category":"car","box3d":{"dimension":{"width":2.46,"length":4.698356,"height":1.7927537},"location":{"x":19.023690341826825,"y":3.211136910273935,"z":1.3912046294653884},"orientation":{"rotationYaw":1.5994051293899514,"rotationPitch":0,"rotationRoll":0}}},{"id":3,"category":"truck","box3d":{"dimension":{"width":2.79,"length":9.6,"height":3.5411494},"location":{"x":24.01366757366782,"y":-2.7743928665225677,"z":2.2633246371342257},"orientation":{"rotationYaw":1.600661645699082,"rotationPitch":0,"rotationRoll":0}}}]}