{"name":"000039","timestamp":0,"index":39,"labels":[{"id":0,"category":"car","box3d":{"dimension":{"width":2.46,"length":4.5583415,"height":1.542357},"location":{"x":10.547060814951987,"y":3.067470829801822,"z":0.9334593055754442},"orientation":{"rotationYaw":1.590443088759253,"rotationPitch":0,"rotationRoll":0}}},{"id":3,"category":"truck","box3d":{"dimension":{"width":2.79,"length":9.6,"height":3.5411494},"location":{"x":26.91812289207877,"y":-2.8843875591817376,"z":2.6910358920971293},"orientation":{"rotationYaw":1.600661645699082,"rotationPitch":0,"rotationRoll":0}}}]}