{"name":"000047","timestamp":0,"index":47,"labels":[{"id":3,"category":"truck","box3d":{"dimension":{"width":2.79,"length":9.6,"height":3.5411494},"location":{"x":23.02199667266197,"y":-2.994382251840916,"z":2.132764350877214},"orientation":{"rotationYaw":1.600661645699082,"rotationPitch":0,"rotationRoll":0}}},{"id":0,"category":"car","box3d":{"dimension":{"width":2.46,"length":4.698356,"height":1.7927537},"location":{"x":17.08993208486544,"y":3.101142217614765,"z":1.4985485638124707},"orientation":{"rotationYaw":1.5994051293899514,"rotationPitch":0,"rotationRoll":0}}}]}