{"name":"000035","timestamp":0,"index":35,"labels":[{"id":0,"category":"car","box3d":{"dimension":{"width":2.46,"length":4.5583415,"height":1.542357},"location":{"x":14.382026533922364,"y":3.0674708298018216,"z":0.9334593055754439},"orientation":{"rotationYaw":1.590443088759253,"rotationPitch":0,"rotationRoll":0}}},{"id":3,"category":"truck","box3d":{"dimension":{"width":2.79,"length":9.6,"height":3.5411494},"location":{"x":28.917178873145733,"y":-2.884387559181737,"z":2.6910358920971293},"orientation":{"rotationYaw":1.6006616456990819,"rotationPitch":0,"rotationRoll":0}}}]}