{"name":"000046","timestamp":0,"index":46,"labels":[{"id":0,"category":"car","box3d":{"dimension":{"width":2.46,"length":4.698356,"height":1.7927537},"location":{"x":17.9824358957707,"y":3.211136910273935,"z":1.4985486738120546},"orientation":{"rotationYaw":1.5994051293899514,"rotationPitch":0,"rotationRoll":0}}},{"id":3,"category":"truck","box3d":{"dimension":{"width":2.79,"length":9.6,"height":3.5411494},"location":{"x":23.616999213265483,"y":-2.7743928665225677,"z":2.180648077173086},"orientation":{"rotationYaw":1.600661645699082,"rotationPitch":0,"rotationRoll":0}}}]}