{"name":"000037","timestamp":0,"index":37,"labels":[{"id":0,"category":"car","box3d":{"dimension":{"width":2.46,"length":4.5583415,"height":1.542357},"location":{"x":12.51042377012,"y":3.1692498982142947,"z":0.9334594073590367},"orientation":{"rotationYaw":1.590443088759253,"rotationPitch":0,"rotationRoll":0}}},{"id":3,"category":"truck","box3d":{"dimension":{"width":2.79,"length":9.6,"height":3.5411494},"location":{"x":27.938403498578623,"y":-2.884387559181737,"z":2.6910358920971293},"orientation":{"rotationYaw":1.600661645699082,"rotationPitch":0,"rotationRoll":0}}}]}