{"name":"000048","timestamp":0,"index":48,"labels":[{"id":3,"category":"truck","box3d":{"dimension":{"width":2.79,"length":9.6,"height":3.5411494},"location":{"x":22.62532831225964,"y":-2.939384905511327,"z":2.2338548325035035},"orientation":{"rotationYaw":1.600661645699082,"rotationPitch":0,"rotationRoll":0}}},{"id":0,"category":"car","box3d":{"dimension":{"width":2.46,"length":4.698356,"height":1.7927537},"location":{"x":16.296595364060778,"y":3.101142217614765,"z":1.4985485638124796},"orientation":{"rotationYaw":1.5994051293899514,"rotationPitch":0,"rotationRoll":0}}}]}