{"name": "000018", "index": 18, "timestamp": 0, "labels": [{"id": 0, "category": "truck", "box3d": {"dimension": {"width": "2.6298833", "length": "6.668348", "height": "3.0548213"}, "location": {"x": 67.25727636307008, "y": -4.631879502979148, "z": 3.2568734449512755}, "orientation": {"rotationYaw": -1.5512520224801651, "rotationPitch": 0, "rotationRoll": 0}}}, {"id": 1, "category": "truck", "box3d": {"dimension": {"width": "2.7724004", "length": "7.6483283", "height": "3.3817255"}, "location": {"x": 16.775299092693306, "y": -3.3261117835676335, "z": 2.297614631129599}, "orientation": {"rotationYaw": -1.527532554503714, "rotationPitch": 0, "rotationRoll": 0}}}, {"id": 2, "category": "car", "box3d": {"dimension": {"width": "2.057879", "length": "4.661369", "height": "1.8137193"}, "location": {"x": 105.03132089589342, "y": -1.0744281918232994, "z": 4.04851905819699}, "orientation": {"rotationYaw": 1.9976463704214078, "rotationPitch": 0, "rotationRoll": 0}}}]}