{"name": "000049", "index": 49, "timestamp": 0, "labels": [{"id": 0, "category": "truck", "box3d": {"dimension": {"width": "2.3182988", "length": "5.6229377", "height": "2.559704"}, "location": {"x": 41.59659909659231, "y": -3.8923944001319435, "z": 2.6686713636060957}, "orientation": {"rotationYaw": -1.5439142939071377, "rotationPitch": 0, "rotationRoll": 0}}}, {"id": 1, "category": "car", "box3d": {"dimension": {"width": "2.2448907", "length": "5.6325603", "height": "2.4926744"}, "location": {"x": 42.146277099472805, "y": -3.9026155787981818, "z": 2.681444216717278}, "orientation": {"rotationYaw": -1.5455864891662392, "rotationPitch": 0, "rotationRoll": 0}}}, {"id": 2, "category": "truck", "box3d": {"dimension": {"width": "2.353333", "length": "6.2078986", "height": "2.5797236"}, "location": {"x": 85.8725642555459, "y": -1.349914215668957, "z": 4.242611517755888}, "orientation": {"rotationYaw": 1.6465275335127263, "rotationPitch": 0, "rotationRoll": 0}}}, {"id": 3, "category": "car", "box3d": {"dimension": {"width": "2.2815118", "length": "5.573478", "height": "2.476561"}, "location": {"x": 86.07289469875553, "y": -1.4434595217594384, "z": 4.245554405056839}, "orientation": {"rotationYaw": 1.6662811433754539, "rotationPitch": 0, "rotationRoll": 0}}}, {"id": 4, "category": "car", "box3d": {"dimension": {"width": "1.9045588", "length": "4.519035", "height": "1.6176744"}, "location": {"x": 92.7827005586732, "y": 3.15549087925209, "z": 3.9128683473214227}, "orientation": {"rotationYaw": 1.59191791622767, "rotationPitch": 0, "rotationRoll": 0}}}]}