{"name": "000036", "index": 36, "timestamp": 0, "labels": [{"id": 0, "category": "truck", "box3d": {"dimension": {"width": "2.3853154", "length": "5.785047", "height": "2.6886103"}, "location": {"x": 50.487062015998774, "y": -4.34068283780419, "z": 2.9687419770967223}, "orientation": {"rotationYaw": -1.5486804410324275, "rotationPitch": 0, "rotationRoll": 0}}}, {"id": 1, "category": "truck", "box3d": {"dimension": {"width": "2.5068974", "length": "6.6258674", "height": "3.0382197"}, "location": {"x": 103.62992001320049, "y": -1.5186928489652054, "z": 4.753612050922116}, "orientation": {"rotationYaw": 1.631058774023129, "rotationPitch": 0, "rotationRoll": 0}}}, {"id": 2, "category": "car", "box3d": {"dimension": {"width": "2.009997", "length": "4.5632243", "height": "1.8334947"}, "location": {"x": 91.24087201396945, "y": -4.206639415980901, "z": 3.8409952217329515}, "orientation": {"rotationYaw": -2.848481605802277, "rotationPitch": 0, "rotationRoll": 0}}}, {"id": 3, "category": "car", "box3d": {"dimension": {"width": "2.2497735", "length": "5.6506267", "height": "2.492186"}, "location": {"x": 50.437202183292015, "y": -4.388389422024222, "z": 2.965981210345837}, "orientation": {"rotationYaw": -1.6194759644497552, "rotationPitch": 0, "rotationRoll": 0}}}]}