{"name": "000027", "index": 27, "timestamp": 0, "labels": [{"id": 0, "category": "truck", "box3d": {"dimension": {"width": "2.6594853", "length": "6.596082", "height": "3.231579"}, "location": {"x": 63.07363493797587, "y": -5.061571592468497, "z": 3.2083953631617392}, "orientation": {"rotationYaw": -1.5554558125713367, "rotationPitch": 0, "rotationRoll": 0}}}, {"id": 1, "category": "car", "box3d": {"dimension": {"width": "2.0219903", "length": "4.6848063", "height": "1.795897"}, "location": {"x": 95.9954572680151, "y": -2.8052277542331328, "z": 3.7991572242593934}, "orientation": {"rotationYaw": 2.9736032648855644, "rotationPitch": 0, "rotationRoll": 0}}}]}