{"name": "000047", "index": 47, "timestamp": 0, "labels": [{"id": 0, "category": "truck", "box3d": {"dimension": {"width": "2.407288", "length": "6.3465705", "height": "2.7559931"}, "location": {"x": 89.07394358352857, "y": -1.400043005777907, "z": 4.33413043142477}, "orientation": {"rotationYaw": 1.6354369396469937, "rotationPitch": 0, "rotationRoll": 0}}}, {"id": 1, "category": "car", "box3d": {"dimension": {"width": "2.210711", "length": "5.495353", "height": "2.415526"}, "location": {"x": 42.49602768020918, "y": -3.892642280127483, "z": 2.690078513961248}, "orientation": {"rotationYaw": -1.5463980347581945, "rotationPitch": 0, "rotationRoll": 0}}}, {"id": 2, "category": "truck", "box3d": {"dimension": {"width": "2.2974248", "length": "5.578016", "height": "2.7149775"}, "location": {"x": 43.19576247691027, "y": -3.9591839830502007, "z": 2.704690589371549}, "orientation": {"rotationYaw": -1.5361783934634126, "rotationPitch": 0, "rotationRoll": 0}}}, {"id": 3, "category": "car", "box3d": {"dimension": {"width": "2.3020196", "length": "5.6809", "height": "2.5830064"}, "location": {"x": 88.97415313664366, "y": -1.4920064018201034, "z": 4.328397660403621}, "orientation": {"rotationYaw": 1.6571509883009379, "rotationPitch": 0, "rotationRoll": 0}}}]}