{"name": "000028", "index": 28, "timestamp": 0, "labels": [{"id": 0, "category": "truck", "box3d": {"dimension": {"width": "2.6610723", "length": "6.7650275", "height": "3.215954"}, "location": {"x": 63.41095676656442, "y": -5.088372158247485, "z": 3.1512445078782383}, "orientation": {"rotationYaw": -1.5557832257891508, "rotationPitch": 0, "rotationRoll": 0}}}, {"id": 1, "category": "car", "box3d": {"dimension": {"width": "2.033465", "length": "4.640861", "height": "1.714354"}, "location": {"x": 93.57923677958595, "y": -2.830329583591385, "z": 3.649345472850092}, "orientation": {"rotationYaw": -3.0833721301835992, "rotationPitch": 0, "rotationRoll": 0}}}]}