{"name": "000006", "index": 6, "timestamp": 0, "labels": [{"id": 0, "category": "truck", "box3d": {"dimension": {"width": "2.7809453", "length": "8.540907", "height": "3.5694697"}, "location": {"x": 24.056588687284915, "y": -3.541984115180413, "z": 2.5174024948537674}, "orientation": {"rotationYaw": -1.5363397986792435, "rotationPitch": 0, "rotationRoll": 0}}}, {"id": 1, "category": "car", "box3d": {"dimension": {"width": "2.2502618", "length": "5.529533", "height": "2.458983"}, "location": {"x": 68.48228248714894, "y": -4.076629692794509, "z": 3.443211566947416}, "orientation": {"rotationYaw": -1.5372546760765626, "rotationPitch": 0, "rotationRoll": 0}}}, {"id": 2, "category": "car", "box3d": {"dimension": {"width": "2.0140557", "length": "5.2702556", "height": "2.229735"}, "location": {"x": 10.14565735559325, "y": 3.262775237507702, "z": 1.2655131382639149}, "orientation": {"rotationYaw": 1.623133907928686, "rotationPitch": 0, "rotationRoll": 0}}}, {"id": 3, "category": "truck", "box3d": {"dimension": {"width": "2.268372", "length": "5.7567267", "height": "2.4871943"}, "location": {"x": 66.3324155097279, "y": -3.9460780197741014, "z": 3.391517504303734}, "orientation": {"rotationYaw": -1.5496331996566273, "rotationPitch": 0, "rotationRoll": 0}}}]}