{"name": "000004", "index": 4, "timestamp": 0, "labels": [{"id": 0, "category": "truck", "box3d": {"dimension": {"width": "2.787293", "length": "8.63661", "height": "3.606579"}, "location": {"x": 24.61202328474437, "y": -3.508453472269861, "z": 2.5618380919652286}, "orientation": {"rotationYaw": -1.5389633103561202, "rotationPitch": 0, "rotationRoll": 0}}}, {"id": 1, "category": "car", "box3d": {"dimension": {"width": "2.1191583", "length": "5.5895915", "height": "2.3569322"}, "location": {"x": 12.376052865664477, "y": 3.3640989451936467, "z": 1.358124516387416}, "orientation": {"rotationYaw": 1.6126599369890107, "rotationPitch": 0, "rotationRoll": 0}}}, {"id": 2, "category": "truck", "box3d": {"dimension": {"width": "2.598267", "length": "6.458875", "height": "2.9288447"}, "location": {"x": 71.49614993969631, "y": -4.186248241661138, "z": 3.5911082996638313}, "orientation": {"rotationYaw": -1.5408529864348486, "rotationPitch": 0, "rotationRoll": 0}}}]}