{"name": "000024", "index": 24, "timestamp": 0, "labels": [{"id": 0, "category": "truck", "box3d": {"dimension": {"width": "2.4619756", "length": "6.3084846", "height": "3.106579"}, "location": {"x": 62.39768309678043, "y": -4.682967475767338, "z": 3.330459267076723}, "orientation": {"rotationYaw": -1.5411796597484173, "rotationPitch": 0, "rotationRoll": 0}}}, {"id": 1, "category": "car", "box3d": {"dimension": {"width": "1.9963557", "length": "4.622062", "height": "1.7360826"}, "location": {"x": 99.56035051585013, "y": -2.282584198390389, "z": 3.9954737059814214}, "orientation": {"rotationYaw": 2.519187326361572, "rotationPitch": 0, "rotationRoll": 0}}}]}