{"name": "000013", "index": 13, "timestamp": 0, "labels": [{"id": 0, "category": "truck", "box3d": {"dimension": {"width": "2.7870488", "length": "8.617079", "height": "3.4630244"}, "location": {"x": 20.43679865703533, "y": -3.4439952333096344, "z": 2.450520504141956}, "orientation": {"rotationYaw": -1.5309220163201775, "rotationPitch": 0, "rotationRoll": 0}}}, {"id": 1, "category": "truck", "box3d": {"dimension": {"width": "2.3843389", "length": "5.8934455", "height": "2.6734736"}, "location": {"x": 64.90759182089253, "y": -4.195682054228192, "z": 3.2143550771826845}, "orientation": {"rotationYaw": -1.5431871283717555, "rotationPitch": 0, "rotationRoll": 0}}}, {"id": 2, "category": "car", "box3d": {"dimension": {"width": "2.1911798", "length": "5.401603", "height": "2.3037095"}, "location": {"x": 63.608365458646034, "y": -4.176170080965742, "z": 3.184021957419075}, "orientation": {"rotationYaw": -1.5537984272209577, "rotationPitch": 0, "rotationRoll": 0}}}, {"id": 3, "category": "car", "box3d": {"dimension": {"width": "2.0383477", "length": "4.5978923", "height": "1.7414536"}, "location": {"x": 107.02714589639838, "y": -0.3028888702272287, "z": 4.115576215540848}, "orientation": {"rotationYaw": 1.872774960645782, "rotationPitch": 0, "rotationRoll": 0}}}]}