{"name": "000019", "index": 19, "timestamp": 0, "labels": [{"id": 0, "category": "truck", "box3d": {"dimension": {"width": "2.6563115", "length": "6.7445197", "height": "3.0948603"}, "location": {"x": 66.12132025876652, "y": -4.6910860601251105, "z": 3.295572066387777}, "orientation": {"rotationYaw": -1.5503353359519085, "rotationPitch": 0, "rotationRoll": 0}}}, {"id": 1, "category": "truck", "box3d": {"dimension": {"width": "2.7653203", "length": "7.802625", "height": "3.4232295"}, "location": {"x": 16.59471135142396, "y": -3.413064092780531, "z": 2.1959838345046587}, "orientation": {"rotationYaw": -1.5350562824756047, "rotationPitch": 0, "rotationRoll": 0}}}, {"id": 2, "category": "car", "box3d": {"dimension": {"width": "2.0417657", "length": "4.6958537", "height": "1.794188"}, "location": {"x": 102.23504659569333, "y": -1.3700499667222257, "z": 3.978736258078471}, "orientation": {"rotationYaw": 1.8699232890360236, "rotationPitch": 0, "rotationRoll": 0}}}]}