{"name": "000007", "index": 7, "timestamp": 0, "labels": [{"id": 0, "category": "truck", "box3d": {"dimension": {"width": "2.771668", "length": "8.218641", "height": "3.5245478"}, "location": {"x": 22.783604318736277, "y": -3.4742956911597416, "z": 2.496307386304844}, "orientation": {"rotationYaw": -1.535823188050152, "rotationPitch": 0, "rotationRoll": 0}}}, {"id": 1, "category": "car", "box3d": {"dimension": {"width": "1.8914973", "length": "4.819816", "height": "1.9140611"}, "location": {"x": 8.031123503168496, "y": 2.947517694745279, "z": 1.1195708952287218}, "orientation": {"rotationYaw": 1.636429446871887, "rotationPitch": 0, "rotationRoll": 0}}}, {"id": 2, "category": "car", "box3d": {"dimension": {"width": "2.2776055", "length": "5.5529704", "height": "2.492186"}, "location": {"x": 67.84602102162607, "y": -4.110113721708656, "z": 3.495020287543312}, "orientation": {"rotationYaw": -1.5442229240730097, "rotationPitch": 0, "rotationRoll": 0}}}, {"id": 3, "category": "truck", "box3d": {"dimension": {"width": "2.351624", "length": "5.7791877", "height": "2.5172236"}, "location": {"x": 63.945451644018455, "y": -3.868981650165957, "z": 3.3972586923776236}, "orientation": {"rotationYaw": -1.5466049464751848, "rotationPitch": 0, "rotationRoll": 0}}}]}