{"name": "000021", "index": 21, "timestamp": 0, "labels": [{"id": 0, "category": "truck", "box3d": {"dimension": {"width": "2.460999", "length": "6.2948127", "height": "2.995251"}, "location": {"x": 62.04709415858757, "y": -4.4622269431248744, "z": 3.3278012328893016}, "orientation": {"rotationYaw": -1.5400177556842305, "rotationPitch": 0, "rotationRoll": 0}}}, {"id": 1, "category": "car", "box3d": {"dimension": {"width": "2.0271173", "length": "4.566276", "height": "1.6938462"}, "location": {"x": 97.8602798221552, "y": -1.7274590644897692, "z": 3.973871921338201}, "orientation": {"rotationYaw": 2.0633998934891182, "rotationPitch": 0, "rotationRoll": 0}}}, {"id": 2, "category": "truck", "box3d": {"dimension": {"width": "2.733582", "length": "7.566297", "height": "3.3690302"}, "location": {"x": 15.62763853536482, "y": -3.527225615260113, "z": 2.205398975366436}, "orientation": {"rotationYaw": -1.5339284053792674, "rotationPitch": 0, "rotationRoll": 0}}}]}