{"name": "000003", "index": 3, "timestamp": 0, "labels": [{"id": 0, "category": "car", "box3d": {"dimension": {"width": "2.092669", "length": "5.3898845", "height": "2.2695298"}, "location": {"x": 13.063970963997068, "y": 3.4243884041625225, "z": 1.3815884293841683}, "orientation": {"rotationYaw": 1.6035541124036894, "rotationPitch": 0, "rotationRoll": 0}}}, {"id": 1, "category": "truck", "box3d": {"dimension": {"width": "2.8145146", "length": "9.016493", "height": "3.7423213"}, "location": {"x": 25.897225146885607, "y": -3.602486265665858, "z": 2.5806372094321106}, "orientation": {"rotationYaw": -1.5386678118189314, "rotationPitch": 0, "rotationRoll": 0}}}, {"id": 2, "category": "truck", "box3d": {"dimension": {"width": "2.5817266", "length": "6.427625", "height": "2.8692744"}, "location": {"x": 70.78194023631188, "y": -4.142271977905786, "z": 3.5007856705162332}, "orientation": {"rotationYaw": -1.5386635778485527, "rotationPitch": 0, "rotationRoll": 0}}}, {"id": 3, "category": "trailer", "box3d": {"dimension": {"width": "2.8278832", "length": "12.43765", "height": "4.0078554"}, "location": {"x": 26.586114526435377, "y": -3.7050365764926325, "z": 2.6018418861277546}, "orientation": {"rotationYaw": -1.5331178854591556, "rotationPitch": 0, "rotationRoll": 0}}}]}