{"name": "000042", "index": 42, "timestamp": 0, "labels": [{"id": 0, "category": "truck", "box3d": {"dimension": {"width": "2.223206", "length": "5.4207892", "height": "2.4151728"}, "location": {"x": 44.203802804368294, "y": -3.9646991153679885, "z": 2.773013929469167}, "orientation": {"rotationYaw": -1.5511529719502501, "rotationPitch": 0, "rotationRoll": 0}}}, {"id": 1, "category": "truck", "box3d": {"dimension": {"width": "2.3628545", "length": "6.19618", "height": "2.714001"}, "location": {"x": 90.12439617552289, "y": -1.4164915150324044, "z": 4.364160074972365}, "orientation": {"rotationYaw": 1.6304770396874515, "rotationPitch": 0, "rotationRoll": 0}}}, {"id": 2, "category": "car", "box3d": {"dimension": {"width": "2.1363702", "length": "5.2111735", "height": "2.2382798"}, "location": {"x": 44.22879831164468, "y": -3.9670226512138567, "z": 2.773563849001671}, "orientation": {"rotationYaw": -1.6154903439220192, "rotationPitch": 0, "rotationRoll": 0}}}, {"id": 3, "category": "car", "box3d": {"dimension": {"width": "1.9157892", "length": "4.4955974", "height": "1.5795884"}, "location": {"x": 93.28319278980953, "y": 2.7797782949874112, "z": 3.912167963690724}, "orientation": {"rotationYaw": 1.593879710313741, "rotationPitch": 0, "rotationRoll": 0}}}]}