{"name": "000000", "index": 0, "timestamp": 0, "labels": [{"id": 0, "category": "car", "box3d": {"dimension": {"width": "2.0729547", "length": "5.2443767", "height": "2.167479"}, "location": {"x": 16.009864321626093, "y": 3.3480331727649837, "z": 1.5331135368649593}, "orientation": {"rotationYaw": 1.594474562602855, "rotationPitch": 0, "rotationRoll": 0}}}, {"id": 1, "category": "truck", "box3d": {"dimension": {"width": "2.7902226", "length": "8.394423", "height": "3.6309931"}, "location": {"x": 26.49779701449844, "y": -3.454813803374797, "z": 2.606427898590563}, "orientation": {"rotationYaw": -1.5357825097687625, "rotationPitch": 0, "rotationRoll": 0}}}, {"id": 2, "category": "car", "box3d": {"dimension": {"width": "2.2981133", "length": "5.729728", "height": "2.5019517"}, "location": {"x": 66.49544900945216, "y": -3.8878551257976546, "z": 3.465442713778582}, "orientation": {"rotationYaw": -1.5336239998121632, "rotationPitch": 0, "rotationRoll": 0}}}]}