{"name": "000009", "index": 9, "timestamp": 0, "labels": [{"id": 0, "category": "truck", "box3d": {"dimension": {"width": "2.7670293", "length": "8.60536", "height": "3.4193232"}, "location": {"x": 21.969246365175636, "y": -3.4257180192514354, "z": 2.5310621184244333}, "orientation": {"rotationYaw": -1.5299165062046605, "rotationPitch": 0, "rotationRoll": 0}}}, {"id": 1, "category": "car", "box3d": {"dimension": {"width": "2.2754083", "length": "5.625236", "height": "2.4809556"}, "location": {"x": 67.50978585322274, "y": -4.231509301117154, "z": 3.551161295276806}, "orientation": {"rotationYaw": -1.5535485182489088, "rotationPitch": 0, "rotationRoll": 0}}}, {"id": 2, "category": "truck", "box3d": {"dimension": {"width": "2.5100713", "length": "6.2542853", "height": "2.8204463"}, "location": {"x": 67.19630511102994, "y": -4.2102199242178635, "z": 3.4744174808955472}, "orientation": {"rotationYaw": -1.5462709132916554, "rotationPitch": 0, "rotationRoll": 0}}}]}