{"name": "000029", "index": 29, "timestamp": 0, "labels": [{"id": 0, "category": "truck", "box3d": {"dimension": {"width": "2.3648076", "length": "5.941297", "height": "2.8888056"}, "location": {"x": 58.07467868793695, "y": -4.6506172513018225, "z": 3.0967604193218543}, "orientation": {"rotationYaw": -1.5388573013683322, "rotationPitch": 0, "rotationRoll": 0}}}, {"id": 1, "category": "car", "box3d": {"dimension": {"width": "2.0218072", "length": "4.6281657", "height": "1.7729478"}, "location": {"x": 95.34744279440942, "y": -3.288695527327676, "z": 3.770215647069339}, "orientation": {"rotationYaw": 2.6368654395173032, "rotationPitch": 0, "rotationRoll": 0}}}]}