{"name": "000001", "index": 1, "timestamp": 0, "labels": [{"id": 0, "category": "car", "box3d": {"dimension": {"width": "2.0865655", "length": "5.335197", "height": "2.2695298"}, "location": {"x": 15.105829284386175, "y": 3.4087072615644103, "z": 1.490631589994849}, "orientation": {"rotationYaw": 1.5953994282370927, "rotationPitch": 0, "rotationRoll": 0}}}, {"id": 1, "category": "truck", "box3d": {"dimension": {"width": "2.8174443", "length": "8.956923", "height": "3.6436884"}, "location": {"x": 25.984553484438347, "y": -3.4865313361893615, "z": 2.5872984760785025}, "orientation": {"rotationYaw": -1.5353080110148847, "rotationPitch": 0, "rotationRoll": 0}}}, {"id": 2, "category": "car", "box3d": {"dimension": {"width": "2.273211", "length": "5.6350017", "height": "2.4404283"}, "location": {"x": 66.78201100540477, "y": -3.8339679526942705, "z": 3.406619982689876}, "orientation": {"rotationYaw": -1.5443901933816138, "rotationPitch": 0, "rotationRoll": 0}}}, {"id": 3, "category": "truck", "box3d": {"dimension": {"width": "2.3391728", "length": "5.8065314", "height": "2.5020869"}, "location": {"x": 64.93231917048145, "y": -3.79333906475039, "z": 3.3599365612566867}, "orientation": {"rotationYaw": -1.5469502776897475, "rotationPitch": 0, "rotationRoll": 0}}}]}