{"name": "000038", "index": 38, "timestamp": 0, "labels": [{"id": 0, "category": "truck", "box3d": {"dimension": {"width": "2.332337", "length": "5.635633", "height": "2.6056025"}, "location": {"x": 47.47781741165872, "y": -4.122175832232503, "z": 2.8495656732736916}, "orientation": {"rotationYaw": -1.5482991462124032, "rotationPitch": 0, "rotationRoll": 0}}}, {"id": 1, "category": "truck", "box3d": {"dimension": {"width": "2.4600224", "length": "6.5926642", "height": "2.948376"}, "location": {"x": 96.59656570549255, "y": -1.5205568474252347, "z": 4.6485582513187484}, "orientation": {"rotationYaw": 1.6226464347196645, "rotationPitch": 0, "rotationRoll": 0}}}, {"id": 2, "category": "car", "box3d": {"dimension": {"width": "1.9682795", "length": "4.526603", "height": "1.7944322"}, "location": {"x": 88.21086614843554, "y": -4.345350494306774, "z": 3.855409844063894}, "orientation": {"rotationYaw": -3.051996427161272, "rotationPitch": 0, "rotationRoll": 0}}}, {"id": 3, "category": "car", "box3d": {"dimension": {"width": "2.2204766", "length": "5.551994", "height": "2.4228501"}, "location": {"x": 49.65254619382059, "y": -4.368615781101495, "z": 2.896048217834867}, "orientation": {"rotationYaw": -1.6504538129117359, "rotationPitch": 0, "rotationRoll": 0}}}]}