{"name": "000020", "index": 20, "timestamp": 0, "labels": [{"id": 0, "category": "truck", "box3d": {"dimension": {"width": "2.4336553", "length": "6.253797", "height": "2.9630244"}, "location": {"x": 63.147112160727815, "y": -4.477453275943784, "z": 3.3569963348075667}, "orientation": {"rotationYaw": -1.5434615794476585, "rotationPitch": 0, "rotationRoll": 0}}}, {"id": 1, "category": "car", "box3d": {"dimension": {"width": "2.0158868", "length": "4.552238", "height": "1.6914048"}, "location": {"x": 99.45816083064933, "y": -1.4408801547524865, "z": 4.019053261348105}, "orientation": {"rotationYaw": 2.126670068330861, "rotationPitch": 0, "rotationRoll": 0}}}, {"id": 2, "category": "truck", "box3d": {"dimension": {"width": "2.7660527", "length": "7.69325", "height": "3.4532588"}, "location": {"x": 16.38511713692778, "y": -3.4575390682046803, "z": 2.203240691836942}, "orientation": {"rotationYaw": -1.5286449921435556, "rotationPitch": 0, "rotationRoll": 0}}}]}