{"name": "000048", "index": 48, "timestamp": 0, "labels": [{"id": 0, "category": "truck", "box3d": {"dimension": {"width": "2.3345342", "length": "6.142469", "height": "2.6436884"}, "location": {"x": 86.1554358411935, "y": -1.351921801965308, "z": 4.162247052109699}, "orientation": {"rotationYaw": 1.635356158522768, "rotationPitch": 0, "rotationRoll": 0}}}, {"id": 1, "category": "car", "box3d": {"dimension": {"width": "2.2126641", "length": "5.542228", "height": "2.4438462"}, "location": {"x": 41.963017889805116, "y": -3.841455550317351, "z": 2.6368127855472796}, "orientation": {"rotationYaw": -1.5473667633475747, "rotationPitch": 0, "rotationRoll": 0}}}, {"id": 2, "category": "truck", "box3d": {"dimension": {"width": "2.230042", "length": "5.6190314", "height": "2.5045283"}, "location": {"x": 41.53815093941868, "y": -3.7584697023140223, "z": 2.6296985626291116}, "orientation": {"rotationYaw": -1.5375835143972783, "rotationPitch": 0, "rotationRoll": 0}}}, {"id": 3, "category": "car", "box3d": {"dimension": {"width": "2.2893243", "length": "5.6555095", "height": "2.5380845"}, "location": {"x": 85.6727211211158, "y": -1.4367634003717604, "z": 4.234127749146933}, "orientation": {"rotationYaw": 1.6551086974891658, "rotationPitch": 0, "rotationRoll": 0}}}]}