{"name": "000046", "index": 46, "timestamp": 0, "labels": [{"id": 0, "category": "truck", "box3d": {"dimension": {"width": "2.5205693", "length": "6.7254767", "height": "3.0020869"}, "location": {"x": 94.8954845035968, "y": -1.49387157638271, "z": 4.598143039614286}, "orientation": {"rotationYaw": 1.6402569941196776, "rotationPitch": 0, "rotationRoll": 0}}}, {"id": 1, "category": "truck", "box3d": {"dimension": {"width": "2.2014775", "length": "5.4891486", "height": "2.460583"}, "location": {"x": 42.19590741312706, "y": -3.777528601526175, "z": 2.68647601708059}, "orientation": {"rotationYaw": -1.537736784968085, "rotationPitch": 0, "rotationRoll": 0}}}, {"id": 2, "category": "car", "box3d": {"dimension": {"width": "2.1808038", "length": "5.352775", "height": "2.3598619"}, "location": {"x": 42.97072850732718, "y": -3.893664506745139, "z": 2.70134935250172}, "orientation": {"rotationYaw": -1.5476667810558835, "rotationPitch": 0, "rotationRoll": 0}}}, {"id": 3, "category": "car", "box3d": {"dimension": {"width": "2.3576837", "length": "5.9094157", "height": "2.7499986"}, "location": {"x": 94.3454028970585, "y": -1.584519579669468, "z": 4.578782769863339}, "orientation": {"rotationYaw": 1.645837591420501, "rotationPitch": 0, "rotationRoll": 0}}}]}