{"name": "000034", "index": 34, "timestamp": 0, "labels": [{"id": 0, "category": "truck", "box3d": {"dimension": {"width": "2.4607549", "length": "5.963758", "height": "2.8712275"}, "location": {"x": 54.64776700912219, "y": -4.65370593991965, "z": 3.122370248006269}, "orientation": {"rotationYaw": -1.54661256628974, "rotationPitch": 0, "rotationRoll": 0}}}, {"id": 1, "category": "car", "box3d": {"dimension": {"width": "1.9649225", "length": "4.568107", "height": "1.7509751"}, "location": {"x": 96.68699374863608, "y": -4.05339503403596, "z": 3.975380471319381}, "orientation": {"rotationYaw": -3.1294041479082324, "rotationPitch": 0, "rotationRoll": 0}}}]}