{"name": "000040", "index": 40, "timestamp": 0, "labels": [{"id": 0, "category": "truck", "box3d": {"dimension": {"width": "2.238831", "length": "5.4178596", "height": "2.4564326"}, "location": {"x": 45.01957038636235, "y": -3.9473279575572997, "z": 2.7484791341486927}, "orientation": {"rotationYaw": -1.5452195424582174, "rotationPitch": 0, "rotationRoll": 0}}}, {"id": 1, "category": "truck", "box3d": {"dimension": {"width": "2.4009404", "length": "6.3192267", "height": "2.7530634"}, "location": {"x": 90.9747625595183, "y": -1.4298069749050897, "z": 4.388469786415665}, "orientation": {"rotationYaw": 1.6234368372620165, "rotationPitch": 0, "rotationRoll": 0}}}, {"id": 2, "category": "car", "box3d": {"dimension": {"width": "2.176043", "length": "5.3654704", "height": "2.3154283"}, "location": {"x": 46.77820980473732, "y": -4.155807020769947, "z": 2.8311366218100096}, "orientation": {"rotationYaw": -1.611549666802187, "rotationPitch": 0, "rotationRoll": 0}}}, {"id": 3, "category": "car", "box3d": {"dimension": {"width": "1.9228693", "length": "4.5622478", "height": "1.573729"}, "location": {"x": 93.28372395057102, "y": 2.583150450135846, "z": 3.9061284691064913}, "orientation": {"rotationYaw": 1.589926060914233, "rotationPitch": 0, "rotationRoll": 0}}}]}