{"name": "000005", "index": 5, "timestamp": 0, "labels": [{"id": 0, "category": "truck", "box3d": {"dimension": {"width": "2.811585", "length": "8.94618", "height": "3.6749384"}, "location": {"x": 24.84556795105771, "y": -3.6179133370118937, "z": 2.542967327263013}, "orientation": {"rotationYaw": -1.5390883541242957, "rotationPitch": 0, "rotationRoll": 0}}}, {"id": 1, "category": "truck", "box3d": {"dimension": {"width": "2.51471", "length": "6.5653205", "height": "2.8682978"}, "location": {"x": 71.54615694899876, "y": -4.189232172819776, "z": 3.5923649555226866}, "orientation": {"rotationYaw": -1.5519545194581479, "rotationPitch": 0, "rotationRoll": 0}}}, {"id": 2, "category": "car", "box3d": {"dimension": {"width": "2.2590508", "length": "5.511955", "height": "2.4843736"}, "location": {"x": 70.73194347506546, "y": -4.13928964531471, "z": 3.499581831975558}, "orientation": {"rotationYaw": -1.5436017832354159, "rotationPitch": 0, "rotationRoll": 0}}}, {"id": 3, "category": "car", "box3d": {"dimension": {"width": "2.0079522", "length": "5.3327556", "height": "2.186522"}, "location": {"x": 10.766265577734863, "y": 3.2516990595187805, "z": 1.2913609843645837}, "orientation": {"rotationYaw": 1.622452313254742, "rotationPitch": 0, "rotationRoll": 0}}}]}