{"name": "000012", "index": 12, "timestamp": 0, "labels": [{"id": 0, "category": "truck", "box3d": {"dimension": {"width": "2.7836308", "length": "8.408094", "height": "3.5020869"}, "location": {"x": 20.975325777080172, "y": -3.379990208917809, "z": 2.4732322103717843}, "orientation": {"rotationYaw": -1.5298181014493553, "rotationPitch": 0, "rotationRoll": 0}}}, {"id": 1, "category": "truck", "box3d": {"dimension": {"width": "2.4585576", "length": "6.268934", "height": "2.9093134"}, "location": {"x": 67.98327250323099, "y": -4.401306267593484, "z": 3.420284590293206}, "orientation": {"rotationYaw": -1.5534935163033214, "rotationPitch": 0, "rotationRoll": 0}}}, {"id": 2, "category": "car", "box3d": {"dimension": {"width": "2.252215", "length": "5.605705", "height": "2.4213853"}, "location": {"x": 65.78337667420588, "y": -4.255892886992333, "z": 3.367751568360653}, "orientation": {"rotationYaw": -1.555478550794244, "rotationPitch": 0, "rotationRoll": 0}}}]}