{"name": "000008", "index": 8, "timestamp": 0, "labels": [{"id": 0, "category": "truck", "box3d": {"dimension": {"width": "2.7518926", "length": "7.984266", "height": "3.4903681"}, "location": {"x": 22.537308589516417, "y": -3.455714637682087, "z": 2.509485677411493}, "orientation": {"rotationYaw": -1.5354467877949247, "rotationPitch": 0, "rotationRoll": 0}}}, {"id": 1, "category": "car", "box3d": {"dimension": {"width": "2.2675958", "length": "5.5969157", "height": "2.4545884"}, "location": {"x": 66.64603372409432, "y": -4.105475397598803, "z": 3.4628033544070824}, "orientation": {"rotationYaw": -1.5551964221783319, "rotationPitch": 0, "rotationRoll": 0}}}, {"id": 2, "category": "truck", "box3d": {"dimension": {"width": "2.4606328", "length": "6.0848517", "height": "2.7096064"}, "location": {"x": 66.39599649950354, "y": -4.089749449385518, "z": 3.456544840672895}, "orientation": {"rotationYaw": -1.5466062742724453, "rotationPitch": 0, "rotationRoll": 0}}}, {"id": 3, "category": "car", "box3d": {"dimension": {"width": "1.9411799", "length": "4.930412", "height": "2.0031724"}, "location": {"x": 7.601994019252091, "y": 2.9864361509548654, "z": 1.1526626863737695}, "orientation": {"rotationYaw": 1.6529478082088545, "rotationPitch": 0, "rotationRoll": 0}}}]}