{"name": "000033", "index": 33, "timestamp": 0, "labels": [{"id": 0, "category": "truck", "box3d": {"dimension": {"width": "2.424683", "length": "5.8729377", "height": "2.790661"}, "location": {"x": 53.547529747072204, "y": -4.557312836809379, "z": 3.095668212469137}, "orientation": {"rotationYaw": -1.5479288351114064, "rotationPitch": 0, "rotationRoll": 0}}}, {"id": 1, "category": "car", "box3d": {"dimension": {"width": "1.9695002", "length": "4.5500407", "height": "1.7324204"}, "location": {"x": 95.78746279532625, "y": -4.015251410295112, "z": 3.955137302287868}, "orientation": {"rotationYaw": 2.639133998920059, "rotationPitch": 0, "rotationRoll": 0}}}, {"id": 2, "category": "car", "box3d": {"dimension": {"width": "2.3015313", "length": "5.670158", "height": "2.518065"}, "location": {"x": 51.47193835878034, "y": -4.322238216164431, "z": 3.0469338160987864}, "orientation": {"rotationYaw": -1.5484203916017396, "rotationPitch": 0, "rotationRoll": 0}}}]}