{"name": "000039", "index": 39, "timestamp": 0, "labels": [{"id": 0, "category": "truck", "box3d": {"dimension": {"width": "2.2691045", "length": "5.4715705", "height": "2.5025752"}, "location": {"x": 45.494258362816765, "y": -3.94359305889629, "z": 2.7598960894936173}, "orientation": {"rotationYaw": -1.5445486957290084, "rotationPitch": 0, "rotationRoll": 0}}}, {"id": 1, "category": "truck", "box3d": {"dimension": {"width": "2.4776006", "length": "6.6102424", "height": "2.9669306"}, "location": {"x": 95.37665913549448, "y": -1.4987340613048836, "z": 4.514308292710371}, "orientation": {"rotationYaw": 1.6174229863819458, "rotationPitch": 0, "rotationRoll": 0}}}, {"id": 2, "category": "car", "box3d": {"dimension": {"width": "2.198504", "length": "5.455314", "height": "2.3662095"}, "location": {"x": 47.52807284495032, "y": -4.224706803725969, "z": 2.8476589733452977}, "orientation": {"rotationYaw": -1.6039849790763965, "rotationPitch": 0, "rotationRoll": 0}}}, {"id": 3, "category": "car", "box3d": {"dimension": {"width": "1.9231135", "length": "4.5231853", "height": "1.5869126"}, "location": {"x": 94.21371892469425, "y": 2.613308680932741, "z": 3.829953197388721}, "orientation": {"rotationYaw": 1.5888566055418984, "rotationPitch": 0, "rotationRoll": 0}}}, {"id": 4, "category": "car", "box3d": {"dimension": {"width": "1.9963862", "length": "4.5217204", "height": "1.7929673"}, "location": {"x": 82.59668575932717, "y": -4.323382239470954, "z": 3.631589747182278}, "orientation": {"rotationYaw": 3.1377735665214295, "rotationPitch": 0, "rotationRoll": 0}}}]}