{"name": "000045", "index": 45, "timestamp": 0, "labels": [{"id": 0, "category": "truck", "box3d": {"dimension": {"width": "2.4673467", "length": "6.555555", "height": "2.8741572"}, "location": {"x": 91.42495652751586, "y": -1.4368563360141648, "z": 4.401339633650347}, "orientation": {"rotationYaw": 1.6303798308883914, "rotationPitch": 0, "rotationRoll": 0}}}, {"id": 1, "category": "car", "box3d": {"dimension": {"width": "2.1781182", "length": "5.380607", "height": "2.3696275"}, "location": {"x": 43.59536887503588, "y": -3.907601849003186, "z": 2.715792625992143}, "orientation": {"rotationYaw": -1.5472483900871818, "rotationPitch": 0, "rotationRoll": 0}}}, {"id": 2, "category": "truck", "box3d": {"dimension": {"width": "2.1890264", "length": "5.4608283", "height": "2.429333"}, "location": {"x": 42.74569584459124, "y": -3.8286288058921465, "z": 2.6979932562958426}, "orientation": {"rotationYaw": -1.537859291723212, "rotationPitch": 0, "rotationRoll": 0}}}, {"id": 3, "category": "car", "box3d": {"dimension": {"width": "1.9060236", "length": "4.524162", "height": "1.5947251"}, "location": {"x": 92.78349294365827, "y": 2.8621616968149755, "z": 3.903858636565227}, "orientation": {"rotationYaw": 1.5876094472657154, "rotationPitch": 0, "rotationRoll": 0}}}, {"id": 4, "category": "car", "box3d": {"dimension": {"width": "2.2971368", "length": "5.761955", "height": "2.6542954"}, "location": {"x": 90.74310283826684, "y": -1.5241393903158031, "z": 4.472140019765798}, "orientation": {"rotationYaw": 1.6371993701429612, "rotationPitch": 0, "rotationRoll": 0}}}]}