{"name": "000022", "index": 22, "timestamp": 0, "labels": [{"id": 0, "category": "truck", "box3d": {"dimension": {"width": "2.4942021", "length": "6.3914924", "height": "3.0694697"}, "location": {"x": 63.497530918381464, "y": -4.635195494161403, "z": 3.361589384755715}, "orientation": {"rotationYaw": -1.5382058469184479, "rotationPitch": 0, "rotationRoll": 0}}}, {"id": 1, "category": "car", "box3d": {"dimension": {"width": "2.0290704", "length": "4.5743327", "height": "1.6901841"}, "location": {"x": 100.60838607657288, "y": -1.8820856125895165, "z": 4.0316488599246645}, "orientation": {"rotationYaw": 2.1482871514663353, "rotationPitch": 0, "rotationRoll": 0}}}, {"id": 2, "category": "truck", "box3d": {"dimension": {"width": "2.7227178", "length": "7.6209846", "height": "3.2894404"}, "location": {"x": 14.32040194069766, "y": -3.3523074705288525, "z": 2.2048383658366064}, "orientation": {"rotationYaw": -1.5340813411039305, "rotationPitch": 0, "rotationRoll": 0}}}]}