{"name": "000041", "index": 41, "timestamp": 0, "labels": [{"id": 0, "category": "truck", "box3d": {"dimension": {"width": "2.5430303", "length": "6.9422736", "height": "3.0811884"}, "location": {"x": 98.20816009162557, "y": -1.5403027724365979, "z": 4.494143987714469}, "orientation": {"rotationYaw": 1.6248182121109622, "rotationPitch": 0, "rotationRoll": 0}}}, {"id": 1, "category": "truck", "box3d": {"dimension": {"width": "2.268128", "length": "5.50868", "height": "2.4967158"}, "location": {"x": 45.144772636434936, "y": -4.0516115158527395, "z": 2.7482503001442216}, "orientation": {"rotationYaw": -1.5518896703827343, "rotationPitch": 0, "rotationRoll": 0}}}, {"id": 2, "category": "car", "box3d": {"dimension": {"width": "2.1714044", "length": "5.3322673", "height": "2.3144517"}, "location": {"x": 44.9948303369447, "y": -4.037675096480204, "z": 2.7451092349036954}, "orientation": {"rotationYaw": -1.6219453285923322, "rotationPitch": 0, "rotationRoll": 0}}}]}