{"name": "000026", "index": 26, "timestamp": 0, "labels": [{"id": 0, "category": "truck", "box3d": {"dimension": {"width": "2.6685185", "length": "6.777723", "height": "3.2081416"}, "location": {"x": 64.51013809042382, "y": -5.0441498634869015, "z": 3.17877641201882}, "orientation": {"rotationYaw": -1.553025799777842, "rotationPitch": 0, "rotationRoll": 0}}}, {"id": 1, "category": "car", "box3d": {"dimension": {"width": "2.0295587", "length": "4.6381755", "height": "1.7498765"}, "location": {"x": 98.74195672491973, "y": -2.573606064710785, "z": 3.865890262586146}, "orientation": {"rotationYaw": 2.456400943697251, "rotationPitch": 0, "rotationRoll": 0}}}]}