{"name": "000044", "index": 44, "timestamp": 0, "labels": [{"id": 0, "category": "truck", "box3d": {"dimension": {"width": "2.4136357", "length": "6.4286017", "height": "2.8155634"}, "location": {"x": 90.37450393552155, "y": -1.4204078267596603, "z": 4.371309990102752}, "orientation": {"rotationYaw": 1.6290881924985283, "rotationPitch": 0, "rotationRoll": 0}}}, {"id": 1, "category": "car", "box3d": {"dimension": {"width": "2.1685967", "length": "5.3293376", "height": "2.354979"}, "location": {"x": 43.52880329714767, "y": -3.8572412946271957, "z": 2.7595397651571143}, "orientation": {"rotationYaw": -1.5451770963043003, "rotationPitch": 0, "rotationRoll": 0}}}, {"id": 2, "category": "truck", "box3d": {"dimension": {"width": "2.1734014", "length": "5.4227424", "height": "2.4390986"}, "location": {"x": 42.528985910197, "y": -3.7653749173525055, "z": 2.7375099631100666}, "orientation": {"rotationYaw": -1.5415288857005027, "rotationPitch": 0, "rotationRoll": 0}}}, {"id": 3, "category": "car", "box3d": {"dimension": {"width": "1.9055353", "length": "4.5065837", "height": "1.5891099"}, "location": {"x": 94.08202203466163, "y": 2.9035810503703314, "z": 3.9333142300510318}, "orientation": {"rotationYaw": 1.5925534485463664, "rotationPitch": 0, "rotationRoll": 0}}}]}