{"name": "000023", "index": 23, "timestamp": 0, "labels": [{"id": 0, "category": "truck", "box3d": {"dimension": {"width": "2.615479", "length": "6.574598", "height": "3.1710322"}, "location": {"x": 64.92233395748936, "y": -4.8749818822527065, "z": 3.2601018276150455}, "orientation": {"rotationYaw": -1.5487739880632319, "rotationPitch": 0, "rotationRoll": 0}}}, {"id": 1, "category": "car", "box3d": {"dimension": {"width": "2.0036798", "length": "4.5620036", "height": "1.7043443"}, "location": {"x": 101.43816818321697, "y": -2.2160219663863643, "z": 3.93540830507541}, "orientation": {"rotationYaw": -2.6456026370253483, "rotationPitch": 0, "rotationRoll": 0}}}, {"id": 2, "category": "truck", "box3d": {"dimension": {"width": "2.7256474", "length": "7.6434455", "height": "3.3490107"}, "location": {"x": 13.92849832302258, "y": -3.3255911046215245, "z": 2.1407274568574923}, "orientation": {"rotationYaw": -1.5347645808440138, "rotationPitch": 0, "rotationRoll": 0}}}]}