{"name": "000043", "index": 43, "timestamp": 0, "labels": [{"id": 0, "category": "truck", "box3d": {"dimension": {"width": "2.2534795", "length": "5.4735236", "height": "2.4508173"}, "location": {"x": 43.7454326387079, "y": -3.966502509004029, "z": 2.717552598499011}, "orientation": {"rotationYaw": -1.5549412810643606, "rotationPitch": 0, "rotationRoll": 0}}}, {"id": 1, "category": "truck", "box3d": {"dimension": {"width": "2.4526982", "length": "6.5067267", "height": "2.748669"}, "location": {"x": 88.32362030353264, "y": -1.3882940705961169, "z": 4.312680686033623}, "orientation": {"rotationYaw": 1.6289456403522793, "rotationPitch": 0, "rotationRoll": 0}}}, {"id": 2, "category": "car", "box3d": {"dimension": {"width": "2.158709", "length": "5.2756267", "height": "2.2597642"}, "location": {"x": 43.22063306583709, "y": -3.917160636506074, "z": 2.706576206049231}, "orientation": {"rotationYaw": -1.58351419129305, "rotationPitch": 0, "rotationRoll": 0}}}, {"id": 3, "category": "car", "box3d": {"dimension": {"width": "1.9079767", "length": "4.515617", "height": "1.589354"}, "location": {"x": 93.21451577160846, "y": 2.7811611772610427, "z": 3.8144866496668026}, "orientation": {"rotationYaw": 1.593126609257732, "rotationPitch": 0, "rotationRoll": 0}}}, {"id": 4, "category": "car", "box3d": {"dimension": {"width": "2.2658868", "length": "5.6623454", "height": "2.5654283"}, "location": {"x": 87.79096889567928, "y": -1.3824213267345244, "z": 4.387585390730957}, "orientation": {"rotationYaw": 1.6294234336548699, "rotationPitch": 0, "rotationRoll": 0}}}]}