{"name": "000010", "index": 10, "timestamp": 0, "labels": [{"id": 0, "category": "truck", "box3d": {"dimension": {"width": "2.7738652", "length": "8.505751", "height": "3.429577"}, "location": {"x": 21.86499860725084, "y": -3.4508442820587497, "z": 2.505310544029926}, "orientation": {"rotationYaw": -1.529736494118315, "rotationPitch": 0, "rotationRoll": 0}}}, {"id": 1, "category": "car", "box3d": {"dimension": {"width": "2.2517266", "length": "5.59008", "height": "2.4511704"}, "location": {"x": 66.39618366905563, "y": -4.159036844687234, "z": 3.454416653543567}, "orientation": {"rotationYaw": -1.5509837059195215, "rotationPitch": 0, "rotationRoll": 0}}}, {"id": 2, "category": "truck", "box3d": {"dimension": {"width": "2.4675908", "length": "6.1258674", "height": "2.7413447"}, "location": {"x": 65.83300316209478, "y": -4.121805508164198, "z": 3.3731655521145076}, "orientation": {"rotationYaw": -1.5450330676281334, "rotationPitch": 0, "rotationRoll": 0}}}]}