{"name": "000031", "index": 31, "timestamp": 0, "labels": [{"id": 0, "category": "truck", "box3d": {"dimension": {"width": "2.5327382", "length": "6.215223", "height": "2.9757197"}, "location": {"x": 57.186672020205414, "y": -4.756602511894085, "z": 3.1295560772342634}, "orientation": {"rotationYaw": -1.545399714444243, "rotationPitch": 0, "rotationRoll": 0}}}, {"id": 1, "category": "car", "box3d": {"dimension": {"width": "2.004107", "length": "4.5934978", "height": "1.7778306"}, "location": {"x": 97.43577041476345, "y": -3.7770164241861273, "z": 4.001715175907268}, "orientation": {"rotationYaw": 2.5031602926832, "rotationPitch": 0, "rotationRoll": 0}}}]}