{"name": "000030", "index": 30, "timestamp": 0, "labels": [{"id": 0, "category": "truck", "box3d": {"dimension": {"width": "2.4312139", "length": "6.153211", "height": "2.9913447"}, "location": {"x": 58.77469766129828, "y": -4.769267824509719, "z": 3.110512082005566}, "orientation": {"rotationYaw": -1.5375788991610806, "rotationPitch": 0, "rotationRoll": 0}}}, {"id": 1, "category": "car", "box3d": {"dimension": {"width": "2.0481133", "length": "4.6246257", "height": "1.7591538"}, "location": {"x": 97.19623649135552, "y": -3.558074874584311, "z": 3.8020486863509673}, "orientation": {"rotationYaw": 2.508749902558848, "rotationPitch": 0, "rotationRoll": 0}}}]}