{"name": "000002", "index": 2, "timestamp": 0, "labels": [{"id": 0, "category": "car", "box3d": {"dimension": {"width": "2.0448174", "length": "5.199455", "height": "2.1474595"}, "location": {"x": 14.48128808444293, "y": 3.4560536237712896, "z": 1.4461059300570769}, "orientation": {"rotationYaw": 1.5989150254331796, "rotationPitch": 0, "rotationRoll": 0}}}, {"id": 1, "category": "truck", "box3d": {"dimension": {"width": "2.8311162", "length": "9.017469", "height": "3.6739619"}, "location": {"x": 25.92968345246003, "y": -3.530071391274103, "z": 2.5588668734117164}, "orientation": {"rotationYaw": -1.5367644730219112, "rotationPitch": 0, "rotationRoll": 0}}}, {"id": 2, "category": "truck", "box3d": {"dimension": {"width": "2.2600713", "length": "5.682508", "height": "2.4801142"}, "location": {"x": 66.43203469311655, "y": -3.813467894352827, "z": 3.39818155564375}, "orientation": {"rotationYaw": -1.5404037443196454, "rotationPitch": 0, "rotationRoll": 0}}}, {"id": 3, "category": "car", "box3d": {"dimension": {"width": "2.2509942", "length": "5.647697", "height": "2.4423814"}, "location": {"x": 68.1454880646973, "y": -3.9151561097506273, "z": 3.5090983305568915}, "orientation": {"rotationYaw": -1.5439059604441265, "rotationPitch": 0, "rotationRoll": 0}}}, {"id": 4, "category": "trailer", "box3d": {"dimension": {"width": "2.8075585", "length": "11.631742", "height": "3.8337834"}, "location": {"x": 26.72091179421872, "y": -3.6186067174777197, "z": 2.531303697487096}, "orientation": {"rotationYaw": -1.5425203533755312, "rotationPitch": 0, "rotationRoll": 0}}}]}