{"name": "000037", "index": 37, "timestamp": 0, "labels": [{"id": 0, "category": "truck", "box3d": {"dimension": {"width": "2.3797002", "length": "5.740125", "height": "2.667126"}, "location": {"x": 48.80256775349073, "y": -4.241049882237077, "z": 2.878842665964969}, "orientation": {"rotationYaw": -1.548529527345063, "rotationPitch": 0, "rotationRoll": 0}}}, {"id": 1, "category": "truck", "box3d": {"dimension": {"width": "2.4692998", "length": "6.5301642", "height": "2.9493525"}, "location": {"x": 99.8285772634704, "y": -1.568444410050143, "z": 4.641576782031154}, "orientation": {"rotationYaw": 1.6208711331450631, "rotationPitch": 0, "rotationRoll": 0}}}, {"id": 2, "category": "car", "box3d": {"dimension": {"width": "1.9840266", "length": "4.5583415", "height": "1.8247056"}, "location": {"x": 92.3091280064399, "y": -4.355730871089679, "z": 3.9569822008813285}, "orientation": {"rotationYaw": -3.020393192410018, "rotationPitch": 0, "rotationRoll": 0}}}, {"id": 3, "category": "car", "box3d": {"dimension": {"width": "2.2600274", "length": "5.698478", "height": "2.5039048"}, "location": {"x": 50.73720714525052, "y": -4.415313892675921, "z": 2.9729268673170495}, "orientation": {"rotationYaw": -1.627878716032674, "rotationPitch": 0, "rotationRoll": 0}}}]}