{"name": "000025", "index": 25, "timestamp": 0, "labels": [{"id": 0, "category": "truck", "box3d": {"dimension": {"width": "2.5526433", "length": "6.267469", "height": "2.9981806"}, "location": {"x": 61.111392533117574, "y": -4.708476650335953, "z": 3.108186514974184}, "orientation": {"rotationYaw": -1.5519152661257447, "rotationPitch": 0, "rotationRoll": 0}}}, {"id": 1, "category": "car", "box3d": {"dimension": {"width": "2.0280938", "length": "4.655021", "height": "1.8012681"}, "location": {"x": 98.69144293216688, "y": -2.3640580083570053, "z": 3.871242629810018}, "orientation": {"rotationYaw": 2.5296692354944663, "rotationPitch": 0, "rotationRoll": 0}}}, {"id": 2, "category": "car", "box3d": {"dimension": {"width": "2.3278985", "length": "5.779533", "height": "2.5966783"}, "location": {"x": 60.12357467486367, "y": -4.56883536397708, "z": 3.1502179761442646}, "orientation": {"rotationYaw": -1.545821863177542, "rotationPitch": 0, "rotationRoll": 0}}}]}