{"name": "000016", "index": 16, "timestamp": 0, "labels": [{"id": 0, "category": "truck", "box3d": {"dimension": {"width": "2.46637", "length": "6.4090705", "height": "2.9425166"}, "location": {"x": 66.40746785613815, "y": -4.502755071337074, "z": 3.2406144930917966}, "orientation": {"rotationYaw": -1.5518078983402637, "rotationPitch": 0, "rotationRoll": 0}}}, {"id": 1, "category": "truck", "box3d": {"dimension": {"width": "2.7777715", "length": "7.94325", "height": "3.361706"}, "location": {"x": 17.915094540819503, "y": -3.322008585049055, "z": 2.3404417880603803}, "orientation": {"rotationYaw": -1.5294889269325171, "rotationPitch": 0, "rotationRoll": 0}}}, {"id": 2, "category": "car", "box3d": {"dimension": {"width": "2.016375", "length": "4.621818", "height": "1.7514634"}, "location": {"x": 103.63185947402063, "y": -0.7320132878440453, "z": 4.0286851186648605}, "orientation": {"rotationYaw": 1.8176624593163306, "rotationPitch": 0, "rotationRoll": 0}}}]}