{"name": "000035", "index": 35, "timestamp": 0, "labels": [{"id": 0, "category": "truck", "box3d": {"dimension": {"width": "2.3870244", "length": "5.783094", "height": "2.717419"}, "location": {"x": 51.47222601035729, "y": -4.428722568447357, "z": 3.043663111131217}, "orientation": {"rotationYaw": -1.5475754878855534, "rotationPitch": 0, "rotationRoll": 0}}}, {"id": 1, "category": "car", "box3d": {"dimension": {"width": "1.9895197", "length": "4.5527263", "height": "1.738524"}, "location": {"x": 95.18831739906881, "y": -4.190427881925331, "z": 3.9354801849195757}, "orientation": {"rotationYaw": -3.0475030139650046, "rotationPitch": 0, "rotationRoll": 0}}}, {"id": 2, "category": "truck", "box3d": {"dimension": {"width": "2.4570928", "length": "6.3465705", "height": "2.901501"}, "location": {"x": 103.70078596595549, "y": -1.5226738449061037, "z": 4.862474110148593}, "orientation": {"rotationYaw": 1.631625975496319, "rotationPitch": 0, "rotationRoll": 0}}}, {"id": 3, "category": "car", "box3d": {"dimension": {"width": "2.2605157", "length": "5.595939", "height": "2.488768"}, "location": {"x": 49.94675325309042, "y": -4.241844499357558, "z": 3.008279732529429}, "orientation": {"rotationYaw": -1.5424339346346008, "rotationPitch": 0, "rotationRoll": 0}}}]}