{"name": "000014", "index": 14, "timestamp": 0, "labels": [{"id": 0, "category": "truck", "box3d": {"dimension": {"width": "2.76825", "length": "7.8495", "height": "3.4134638"}, "location": {"x": 19.572146926025425, "y": -3.360289912791598, "z": 2.4198018206325713}, "orientation": {"rotationYaw": -1.521122834877632, "rotationPitch": 0, "rotationRoll": 0}}}, {"id": 1, "category": "truck", "box3d": {"dimension": {"width": "2.448975", "length": "6.0770392", "height": "2.7100947"}, "location": {"x": 64.95793516486916, "y": -4.334548338887191, "z": 3.211279458695289}, "orientation": {"rotationYaw": -1.5470682135018254, "rotationPitch": 0, "rotationRoll": 0}}}, {"id": 2, "category": "car", "box3d": {"dimension": {"width": "2.2585626", "length": "5.6437907", "height": "2.4252915"}, "location": {"x": 65.05789001842169, "y": -4.341366655047197, "z": 3.213449449906544}, "orientation": {"rotationYaw": -1.5556317476561734, "rotationPitch": 0, "rotationRoll": 0}}}, {"id": 3, "category": "car", "box3d": {"dimension": {"width": "2.0046563", "length": "4.5875163", "height": "1.7116685"}, "location": {"x": 107.72703400981302, "y": -0.5323643877770193, "z": 4.123703460831983}, "orientation": {"rotationYaw": 1.7625536640138901, "rotationPitch": 0, "rotationRoll": 0}}}]}