{"name": "000017", "index": 17, "timestamp": 0, "labels": [{"id": 0, "category": "truck", "box3d": {"dimension": {"width": "2.481995", "length": "6.6414924", "height": "2.9063838"}, "location": {"x": 67.15732092869659, "y": -4.6248461755070975, "z": 3.2547100578893806}, "orientation": {"rotationYaw": -1.5481768528675, "rotationPitch": 0, "rotationRoll": 0}}}, {"id": 1, "category": "truck", "box3d": {"dimension": {"width": "2.7741094", "length": "7.626844", "height": "3.3656123"}, "location": {"x": 17.11974469859321, "y": -3.3052365673504918, "z": 2.2793575790156555}, "orientation": {"rotationYaw": -1.5258717053821549, "rotationPitch": 0, "rotationRoll": 0}}}, {"id": 2, "category": "car", "box3d": {"dimension": {"width": "2.0295587", "length": "4.585563", "height": "1.7633042"}, "location": {"x": 104.93142271673074, "y": -1.0734215753583574, "z": 4.046382024225869}, "orientation": {"rotationYaw": 1.9896928115598644, "rotationPitch": 0, "rotationRoll": 0}}}]}