{"name": "000011", "index": 11, "timestamp": 0, "labels": [{"id": 0, "category": "truck", "box3d": {"dimension": {"width": "2.7623906", "length": "8.328016", "height": "3.4708369"}, "location": {"x": 21.342773570375385, "y": -3.4444583055579163, "z": 2.505702686369478}, "orientation": {"rotationYaw": -1.531572791008447, "rotationPitch": 0, "rotationRoll": 0}}}, {"id": 1, "category": "car", "box3d": {"dimension": {"width": "2.2497735", "length": "5.6037517", "height": "2.4370103"}, "location": {"x": 65.43339324686097, "y": -4.232758940078522, "z": 3.359394042144111}, "orientation": {"rotationYaw": -1.5543261764846976, "rotationPitch": 0, "rotationRoll": 0}}}, {"id": 2, "category": "truck", "box3d": {"dimension": {"width": "2.4358525", "length": "6.03993", "height": "2.6978877"}, "location": {"x": 65.08340981951608, "y": -4.209624993164705, "z": 3.351036515927569}, "orientation": {"rotationYaw": -1.5466975090149857, "rotationPitch": 0, "rotationRoll": 0}}}]}