{"name": "000015", "index": 15, "timestamp": 0, "labels": [{"id": 0, "category": "truck", "box3d": {"dimension": {"width": "2.5412297", "length": "6.3328986", "height": "2.91029"}, "location": {"x": 66.70733328802717, "y": -4.523532536785151, "z": 3.247114560501527}, "orientation": {"rotationYaw": -1.5491368107988999, "rotationPitch": 0, "rotationRoll": 0}}}, {"id": 1, "category": "truck", "box3d": {"dimension": {"width": "2.7799687", "length": "7.800672", "height": "3.4041865"}, "location": {"x": 18.249800303429193, "y": -3.268606967434294, "z": 2.337543583318136}, "orientation": {"rotationYaw": -1.5289146394827364, "rotationPitch": 0, "rotationRoll": 0}}}, {"id": 2, "category": "car", "box3d": {"dimension": {"width": "2.0310235", "length": "4.62548", "height": "1.7529283"}, "location": {"x": 105.72970294057706, "y": -0.7463793772789323, "z": 4.073770862763057}, "orientation": {"rotationYaw": 1.849370832808436, "rotationPitch": 0, "rotationRoll": 0}}}]}