{"name": "000032", "index": 32, "timestamp": 0, "labels": [{"id": 0, "category": "truck", "box3d": {"dimension": {"width": "2.5109868", "length": "6.1541877", "height": "2.950329"}, "location": {"x": 56.247954424669814, "y": -4.735538518682062, "z": 3.1630025989735295}, "orientation": {"rotationYaw": -1.5481412445540945, "rotationPitch": 0, "rotationRoll": 0}}}, {"id": 1, "category": "car", "box3d": {"dimension": {"width": "1.9791437", "length": "4.5812907", "height": "1.7553697"}, "location": {"x": 95.487075495811, "y": -3.801286280987953, "z": 3.9545710630727138}, "orientation": {"rotationYaw": 2.5452013395147977, "rotationPitch": 0, "rotationRoll": 0}}}]}